inv_id	flip	n_species	n_het	n_hom	deep_inv	deep_col	confidence	states	is_valid	ss_flip	match
chr1:13104252-13122521	1	6	1	5	2	1	moderate	GGO:col;PAB:inv;PPA:inv;PPY:inv;PTR:HET;SSY:col	0		
chr1:13190914-13324586	0	6	3	3	1	1	moderate	GGO:col;PAB:col;PPA:HET;PPY:HET;PTR:HET;SSY:inv	0		
chr1:16653300-16795670	0	6	2	4	1	1	moderate	GGO:col;PAB:col;PPA:col;PPY:HET;PTR:HET;SSY:inv	0		
chr1:16680663-16724992	1	6	2	4	1	1	moderate	GGO:inv;PAB:col;PPA:col;PPY:HET;PTR:HET;SSY:inv	0		
chr1:16838932-16946929	1	6	2	4	2	1	moderate	GGO:HET;PAB:inv;PPA:col;PPY:inv;PTR:HET;SSY:col	0		
chr1:21203917-21204602	0	6	0	6	0	3	high	GGO:col;PAB:col;PPA:col;PPY:col;PTR:col;SSY:col	0		
chr1:26641622-26646431	0	4	0	4	0	2	high	GGO:inv;PAB:col;PPA:inv;PPY:col	0	1	XX
chr1:43593641-43594291	0	6	0	6	0	3	high	GGO:col;PAB:col;PPA:col;PPY:col;PTR:col;SSY:col	0		
chr1:60776841-60778677	0	6	0	6	0	3	high	GGO:col;PAB:col;PPA:col;PPY:col;PTR:col;SSY:col	0		
chr1:81650508-81707447	0	6	0	6	0	3	high	GGO:col;PAB:col;PPA:col;PPY:col;PTR:col;SSY:col	0		
chr1:91666232-91667085	0	6	0	6	0	3	high	GGO:col;PAB:col;PPA:col;PPY:col;PTR:col;SSY:col	0		
chr1:122020454-122503767		0					none		0		
chr1:124793252-124931477	0	2	0	2	0	0	low	PPA:col;PTR:col	0		
chr1:143558088-143704592	0	6	0	6	0	3	high	GGO:col;PAB:col;PPA:col;PPY:col;PTR:col;SSY:col	0		
chr1:144376209-144600799		0					none		0		
chr1:247661377-248128772	0	6	0	6	0	3	high	GGO:col;PAB:col;PPA:col;PPY:col;PTR:col;SSY:col	0		
chr1:248128773-248428856	0	6	0	6	0	3	high	GGO:col;PAB:col;PPA:col;PPY:col;PTR:col;SSY:col	0		
chr10:4983056-4984361	0	6	0	6	0	3	high	GGO:col;PAB:col;PPA:col;PPY:col;PTR:col;SSY:col	0		
chr10:15742803-15760427	0	6	0	6	0	3	high	GGO:col;PAB:col;PPA:col;PPY:col;PTR:col;SSY:col	0		
chr10:37105149-37111121	1	5	0	5	2	0	high	GGO:inv;PAB:inv;PPA:inv;PPY:inv;PTR:inv	0	0	XX
chr10:87308005-87425030	0	6	0	6	2	1	moderate	GGO:col;PAB:inv;PPA:col;PPY:inv;PTR:col;SSY:col	0		
chr10:91443587-91446029	1	6	1	5	3	0	moderate	GGO:col;PAB:inv;PPA:HET;PPY:inv;PTR:inv;SSY:inv	0	0	XX
chr10:103205557-103205994	0	6	0	6	0	3	high	GGO:col;PAB:col;PPA:col;PPY:col;PTR:col;SSY:col	0		
chr10:113411933-113412252	0	6	0	6	0	3	high	GGO:col;PAB:col;PPA:col;PPY:col;PTR:col;SSY:col	0		
chr10:131619777-131620717	0	6	0	6	0	3	high	GGO:col;PAB:col;PPA:col;PPY:col;PTR:col;SSY:col	0		
chr10:133657262-133787421		0					none		0		
chr11:738649-740185	0	6	0	6	0	3	high	GGO:col;PAB:col;PPA:col;PPY:col;PTR:col;SSY:col	0		
chr11:48849290-48878471	0	2	0	2	0	0	low	PPA:col;PTR:col	0	0	OK
chr11:66251227-66252453	0	6	0	6	0	3	high	GGO:col;PAB:col;PPA:col;PPY:col;PTR:col;SSY:col	0	0	OK
chr11:71571819-71576724	0	4	0	4	1	0	low	GGO:col;PPA:col;PTR:col;SSY:inv	0	0	OK
chr11:89920623-89923848	1	6	1	5	2	0	moderate	GGO:col;PAB:inv;PPA:inv;PPY:inv;PTR:col;SSY:HET	0		
chr12:13392624-13397634	0	6	0	6	0	3	high	GGO:col;PAB:col;PPA:col;PPY:col;PTR:col;SSY:col	0		
chr12:34773599-34820432	1	1	0	1	0	0	low	PPA:inv	0	1	OK
chr12:34834837-37181298		0					none		0	1	
chr12:37705668-37737662	0	3	0	3	0	0	low	GGO:inv;PPA:col;PTR:col	0	1	XX
chr12:46896694-46915975	0	6	0	6	0	3	high	GGO:col;PAB:col;PPA:col;PPY:col;PTR:col;SSY:col	0	1	XX
chr12:71546200-71547738	0	6	0	6	0	3	high	GGO:col;PAB:col;PPA:col;PPY:col;PTR:col;SSY:col	0		
chr12:75713180-75731794	0	6	0	6	0	3	high	GGO:col;PAB:col;PPA:col;PPY:col;PTR:col;SSY:col	0		
chr12:80451355-80454331	0	6	0	6	0	3	high	GGO:col;PAB:col;PPA:col;PPY:col;PTR:col;SSY:col	0		
chr12:80461776-80464616	0	6	0	6	0	3	high	GGO:col;PAB:col;PPA:col;PPY:col;PTR:col;SSY:col	0		
chr13:48199250-48206639	0	6	0	6	0	3	high	GGO:col;PAB:col;PPA:col;PPY:col;PTR:col;SSY:col	0		
chr13:53902573-54093373	0	6	0	6	0	3	high	GGO:col;PAB:col;PPA:col;PPY:col;PTR:col;SSY:col	0		
chr13:63048102-63068468	0	6	0	6	0	3	high	GGO:col;PAB:col;PPA:col;PPY:col;PTR:col;SSY:col	0		
chr13:79823210-79839670	0	6	1	5	0	3	moderate	GGO:col;PAB:col;PPA:col;PPY:col;PTR:HET;SSY:col	0		
chr13:97456283-97456722	0	6	0	6	0	3	high	GGO:col;PAB:col;PPA:col;PPY:col;PTR:col;SSY:col	0		
chr14:60606118-60611659	0	6	1	5	1	2	moderate	GGO:HET;PAB:col;PPA:col;PPY:inv;PTR:col;SSY:col	0		
chr14:65375818-65376683	0	6	0	6	0	3	high	GGO:col;PAB:col;PPA:col;PPY:col;PTR:col;SSY:col	0		
chr14:85872200-85889269	0	6	0	6	0	3	high	GGO:col;PAB:col;PPA:col;PPY:col;PTR:col;SSY:col	0		
chr14:105573622-105577544	0	6	0	6	0	3	high	GGO:col;PAB:col;PPA:col;PPY:col;PTR:col;SSY:col	0		
chr14:105693931-105698385	0	6	0	6	0	3	high	GGO:inv;PAB:col;PPA:inv;PPY:col;PTR:inv;SSY:col	0	0	OK
chr14:105710125-105896979	0	6	0	6	0	3	high	GGO:col;PAB:col;PPA:col;PPY:col;PTR:col;SSY:col	0		
chr14:105914709-106064136	0	6	0	6	0	3	high	GGO:col;PAB:col;PPA:col;PPY:col;PTR:col;SSY:col	0		
chr14:106369953-106583811	0	6	0	6	0	3	high	GGO:col;PAB:col;PPA:col;PPY:col;PTR:col;SSY:col	0		
chr15:17506622-19701638	1	1	0	1	0	0	low	PPA:inv	0	0	XX
chr15:20336074-20392986	1	2	0	2	1	0	moderate	PTR:col;SSY:inv	0	0	XX
chr15:20673518-20675754	0	5	1	4	0	2	moderate	GGO:HET;PAB:col;PPA:col;PPY:col;PTR:col	0	0	OK
chr15:22180495-22358241	0	5	0	5	1	2	high	GGO:col;PAB:col;PPY:col;PTR:col;SSY:inv	0	0	OK
chr15:30618103-32153204	1	6	1	5	2	0	moderate	GGO:col;PAB:inv;PPA:inv;PPY:inv;PTR:col;SSY:HET	0	0	XX
chr15:32477828-32571283	0	6	2	4	0	2	moderate	GGO:HET;PAB:col;PPA:col;PPY:col;PTR:inv;SSY:HET	0		
chr15:75272758-75293490	0	6	0	6	1	2	high	GGO:col;PAB:inv;PPA:col;PPY:col;PTR:col;SSY:col	0		
chr15:82330918-82357797	0	6	1	5	0	3	moderate	GGO:HET;PAB:col;PPA:col;PPY:col;PTR:col;SSY:col	0		
chr15:84373375-84416696	0	6	1	5	1	2	moderate	GGO:col;PAB:col;PPA:col;PPY:col;PTR:HET;SSY:inv	0	0	OK
chr16:1245200-1247503	0	2	1	1	0	0	low	PPA:HET;PTR:col	0	0	OK
chr16:32364220-32528442	1	5	2	3	2	0	moderate	GGO:HET;PAB:inv;PPA:HET;PPY:inv;PTR:inv	0		
chr16:32755978-32879590	0	2	0	2	0	0	low	GGO:col;PTR:inv	0		
chr16:32991171-33102750	1	3	0	3	1	0	moderate	PPA:col;PTR:col;SSY:inv	0		
chr16:33958612-34274112	0	3	0	3	0	0	low	GGO:col;PPA:col;PTR:col	0		
chr16:34063951-34099271	0	3	0	3	0	0	low	GGO:col;PPA:col;PTR:col	0		
chr16:34484033-36334975	1	3	0	3	0	0	low	GGO:inv;PPA:inv;PTR:inv	0	1	OK
chr16:34507814-34520859	0	3	0	3	0	1	moderate	GGO:col;PPA:inv;PPY:col	0		
chr16:34577841-34580535		0					none		0		
chr16:35157740-35523366	0	6	0	6	1	2	high	GGO:col;PAB:col;PPA:col;PPY:col;PTR:col;SSY:inv	0	1	XX
chr16:35226544-35592170	0	6	0	6	0	3	high	GGO:col;PAB:col;PPA:col;PPY:col;PTR:col;SSY:col	0	1	XX
chr16:35946683-35952382	0	3	0	3	0	0	low	GGO:col;PPA:col;PTR:col	0	1	XX
chr16:46383780-46384105	0	2	0	2	0	0	low	GGO:col;PPA:col	0		
chr16:48616945-48617439	0	6	0	6	0	3	high	GGO:col;PAB:col;PPA:col;PPY:col;PTR:col;SSY:col	0		
chr16:55798459-55831288	0	6	1	5	0	3	moderate	GGO:HET;PAB:col;PPA:col;PPY:col;PTR:col;SSY:col	0		
chr16:85155339-85156001	0	5	0	5	0	3	high	GGO:col;PAB:col;PPY:col;PTR:col;SSY:col	0		
chr17:5982838-5983104	0	3	0	3	0	0	low	GGO:col;PPA:col;PTR:col	0		
chr17:26880608-26885979	0	1	0	1	0	0	low	GGO:col	0	0	OK
chr17:36109569-36223772	0	6	0	6	0	3	high	GGO:inv;PAB:col;PPA:col;PPY:col;PTR:col;SSY:col	0	1	XX
chr17:43263148-43322883	1	6	2	4	2	0	moderate	GGO:HET;PAB:inv;PPA:inv;PPY:inv;PTR:inv;SSY:HET	0	0	XX
chr17:45573556-45585158	0	6	0	6	1	2	high	GGO:col;PAB:col;PPA:col;PPY:col;PTR:col;SSY:inv	0	0	OK
chr17:60035640-60110888	1	6	2	4	2	0	moderate	GGO:HET;PAB:HET;PPA:inv;PPY:inv;PTR:inv;SSY:inv	0	0	XX
chr17:76181937-76182932	0	6	0	6	0	3	high	GGO:col;PAB:col;PPA:col;PPY:col;PTR:col;SSY:col	0		
chr18:20562339-20601393		0					none		0		
chr18:20813184-20836515	1	1	0	1	0	0	low	PPA:inv	0		
chr19:27346068-27354631	0	3	0	3	0	0	low	GGO:col;PPA:col;PTR:col	0		
chr19:27358559-27394840	0	3	0	3	0	0	low	GGO:col;PPA:col;PTR:col	0		
chr19:43365871-43369065	0	5	0	5	0	2	high	GGO:col;PAB:col;PPA:col;PPY:col;PTR:col	0		
chr19:47959660-50091195	0	6	1	5	0	3	moderate	GGO:HET;PAB:col;PPA:col;PPY:col;PTR:col;SSY:col	0	0	OK
chr2:45065588-45081777	0	6	0	6	0	3	high	GGO:col;PAB:col;PPA:col;PPY:col;PTR:col;SSY:col	0		
chr2:87995841-88180536	1	6	0	6	3	0	high	GGO:col;PAB:inv;PPA:col;PPY:inv;PTR:col;SSY:inv	0		
chr2:88861564-88886160	0	4	0	4	0	2	high	GGO:col;PAB:col;PPA:col;PPY:col	0		
chr2:90379429-90402236	0	1	0	1	0	0	low	GGO:col	0		
chr2:91832040-92012663	0	5	0	5	0	2	high	GGO:inv;PAB:col;PPA:col;PPY:col;PTR:col	0		
chr2:94191333-94294046		0					none		0		
chr2:183704450-183711952	0	6	0	6	0	3	high	GGO:col;PAB:col;PPA:col;PPY:col;PTR:col;SSY:col	0		
chr2:215962718-215963440	0	6	0	6	0	3	high	GGO:col;PAB:col;PPA:col;PPY:col;PTR:col;SSY:col	0		
chr2:222149224-222149582	0	6	0	6	0	3	high	GGO:col;PAB:col;PPA:col;PPY:col;PTR:col;SSY:col	0		
chr2:236356880-236358489	0	3	0	3	0	0	low	GGO:col;PPA:col;PTR:col	0		
chr2:240685789-240688966	0	3	1	2	0	0	low	GGO:HET;PPA:col;PTR:col	0		
chr20:10807797-10808434	0	3	0	3	0	0	low	GGO:col;PPA:col;PTR:col	0		
chr20:24397726-24406144	0	6	0	6	0	3	high	GGO:col;PAB:col;PPA:col;PPY:col;PTR:col;SSY:col	0		
chr20:28495291-28508286	1	2	1	1	0	0	low	PPA:HET;PTR:inv	0		
chr20:28556077-29204924	0	2	0	2	0	0	low	GGO:col;PTR:inv	0		
chr20:28751288-28752630	0	1	0	1	0	0	low	PTR:col	0		
chr20:29257746-29419750	0	4	0	4	1	0	low	GGO:col;PPA:col;PTR:col;SSY:inv	0		
chr20:29882887-30428283	1	3	0	3	1	1	moderate	PAB:col;PTR:inv;SSY:inv	0		
chr20:30811898-30910599	0	3	0	3	0	1	moderate	PAB:col;PPA:col;PTR:col	0		
chr20:36967669-36997060	0	6	0	6	0	3	high	GGO:col;PAB:col;PPA:col;PPY:col;PTR:col;SSY:col	0		
chr21:13205437-13221054	1	5	0	5	3	0	high	GGO:col;PAB:inv;PPY:inv;PTR:inv;SSY:inv	0		
chr21:13987773-14056796	0	6	1	5	0	2	moderate	GGO:col;PAB:col;PPA:col;PPY:col;PTR:col;SSY:HET	0		
chr21:19877734-20070170	0	6	0	6	0	3	high	GGO:col;PAB:col;PPA:col;PPY:col;PTR:col;SSY:col	0		
chr21:26001836-26002391	0	6	0	6	0	3	high	GGO:col;PAB:col;PPA:col;PPY:col;PTR:col;SSY:col	0		
chr21:26648368-26649407	0	6	0	6	0	3	high	GGO:col;PAB:col;PPA:col;PPY:col;PTR:col;SSY:col	0		
chr21:43821742-43835116	0	6	0	6	0	3	high	GGO:col;PAB:col;PPA:col;PPY:col;PTR:col;SSY:col	0		
chr22:11547667-12225587	0	2	0	2	0	1	moderate	GGO:col;SSY:col	0		
chr22:12636517-12815682	0	3	0	3	0	1	moderate	GGO:col;PPA:inv;SSY:col	0		
chr22:15576909-15904656	0	5	0	5	2	1	moderate	GGO:col;PAB:inv;PPY:inv;PTR:col;SSY:col	0		
chr3:44699775-44700555	1	4	0	4	1	0	moderate	GGO:col;PAB:inv;PPA:inv;PTR:inv	0	0	XX
chr3:90469637-90476485	0	3	0	3	0	0	low	GGO:col;PPA:col;PTR:col	0		
chr3:91556113-93656971	1	2	0	2	0	0	low	PPA:inv;PTR:inv	0		
chr3:131969227-131977820	0	6	0	6	0	3	high	GGO:col;PAB:col;PPA:col;PPY:col;PTR:col;SSY:col	0		
chr3:162827574-162829855	0	6	0	6	0	3	high	GGO:col;PAB:col;PPA:col;PPY:col;PTR:col;SSY:col	0		
chr3:195692124-195956606	0	6	0	6	1	2	high	GGO:col;PAB:col;PPA:col;PPY:col;PTR:col;SSY:inv	0	0	OK
chr3:195749463-195980207	1	6	1	5	2	0	moderate	GGO:col;PAB:HET;PPA:col;PPY:inv;PTR:col;SSY:inv	0	0	XX
chr4:4013226-4019502	0	6	0	6	0	3	high	GGO:col;PAB:col;PPA:col;PPY:col;PTR:col;SSY:col	0		
chr4:8952898-9455287	0	6	0	6	1	2	high	GGO:inv;PAB:col;PPA:col;PPY:col;PTR:col;SSY:inv	0		
chr4:33098066-33104924	0	6	0	6	0	3	high	GGO:col;PAB:col;PPA:col;PPY:col;PTR:col;SSY:col	0		
chr4:40233406-40235439	0	6	0	6	0	3	high	GGO:col;PAB:col;PPA:col;PPY:col;PTR:col;SSY:col	0		
chr4:49284664-49291017	0	4	0	4	0	2	high	PAB:col;PPA:col;PPY:col;PTR:col	0	0	OK
chr4:49291019-49325004	0	2	0	2	0	0	low	PPA:col;PTR:col	0	0	OK
chr4:145693552-145694748	0	5	0	5	0	2	high	GGO:col;PAB:col;PPA:col;PPY:col;PTR:col	0		
chr4:156905870-156912808	0	6	0	6	0	3	high	GGO:col;PAB:col;PPA:col;PPY:col;PTR:col;SSY:col	0		
chr4:187950173-187954784	0	6	0	6	0	3	high	GGO:col;PAB:col;PPA:col;PPY:col;PTR:col;SSY:col	0		
chr5:16978658-16979397	0	4	0	4	0	1	moderate	GGO:col;PAB:col;PPA:col;PTR:col	0		
chr5:17580905-17592445	0	2	1	1	0	1	low	GGO:HET;SSY:col	0		
chr5:21479305-21500726	0	3	0	3	0	0	low	GGO:col;PPA:col;PTR:col	0	0	OK
chr5:29069229-29069523	0	4	0	4	0	1	moderate	GGO:col;PAB:col;PPA:col;PTR:col	0	1	XX
chr5:46896906-46915828	0	3	0	3	0	0	low	GGO:col;PPA:col;PTR:col	0	0	OK
chr5:47061568-47082062	1	3	0	3	0	0	low	GGO:inv;PPA:inv;PTR:inv	0	0	XX
chr5:47105115-47151367	0	2	0	2	0	0	low	PPA:col;PTR:col	0	0	OK
chr5:49608476-49645356		0					none		0	0	
chr5:112179911-112236600	0	6	0	6	0	3	high	GGO:col;PAB:col;PPA:col;PPY:col;PTR:col;SSY:col	0		
chr5:124425560-124546657	0	6	0	6	0	3	high	GGO:col;PAB:col;PPA:col;PPY:col;PTR:col;SSY:col	0		
chr5:152886744-152892275	0	5	0	5	0	3	high	PAB:col;PPA:col;PPY:col;PTR:col;SSY:col	0		
chr5:175919196-175923360	0	6	0	6	0	3	high	GGO:col;PAB:col;PPA:col;PPY:col;PTR:col;SSY:col	0		
chr6:255825-384491	0	6	0	6	0	3	high	GGO:col;PAB:col;PPA:col;PPY:col;PTR:col;SSY:col	0		
chr6:26736772-26739621	0	6	2	4	1	1	moderate	GGO:col;PAB:col;PPA:HET;PPY:inv;PTR:inv;SSY:HET	0		
chr6:26738710-26763097	1	5	3	2	1	0	moderate	GGO:HET;PPA:HET;PPY:inv;PTR:inv;SSY:HET	0		
chr6:26760606-26762818	1	5	2	3	1	1	moderate	GGO:HET;PPA:HET;PPY:inv;PTR:inv;SSY:col	0		
chr6:76109081-76158474	0	6	0	6	0	3	high	GGO:col;PAB:col;PPA:col;PPY:col;PTR:col;SSY:col	0		
chr6:89213914-89214230	0	5	0	5	0	3	high	PAB:col;PPA:col;PPY:col;PTR:col;SSY:col	0		
chr6:94031360-94031695	0	1	0	1	0	0	low	GGO:col	0		
chr6:106721331-106723005	1	6	0	6	3	0	high	GGO:inv;PAB:inv;PPA:inv;PPY:inv;PTR:inv;SSY:inv	0		
chr6:123106049-123109821	0	6	0	6	0	3	high	GGO:col;PAB:col;PPA:col;PPY:col;PTR:col;SSY:col	0		
chr6:130527041-130531150	0	6	0	6	0	3	high	GGO:col;PAB:col;PPA:col;PPY:col;PTR:col;SSY:col	0		
chr6:141866310-141898728	0	6	0	6	0	3	high	GGO:col;PAB:col;PPA:col;PPY:col;PTR:col;SSY:col	0		
chr6:153422309-153430731	0	6	0	6	0	3	high	GGO:col;PAB:col;PPA:col;PPY:col;PTR:col;SSY:col	0		
chr7:57835188-58119653	0	2	0	2	0	0	low	GGO:col;PTR:col	0	0	OK
chr7:60911891-61578023	1	5	1	4	1	0	moderate	GGO:inv;PAB:inv;PPA:inv;PPY:HET;PTR:inv	0	0	XX
chr7:62408486-62456444	0	4	0	4	0	2	high	GGO:col;PAB:col;PPY:col;PTR:inv	0	0	OK
chr7:144254792-144296183	0	6	0	6	2	1	moderate	GGO:col;PAB:inv;PPA:col;PPY:inv;PTR:col;SSY:col	0		
chr8:6297862-6299768	1	6	0	6	3	0	high	GGO:inv;PAB:inv;PPA:inv;PPY:inv;PTR:inv;SSY:inv	0		
chr8:12369152-12394133	0	4	1	3	0	2	moderate	GGO:HET;PAB:col;PPA:col;PPY:col	0	0	OK
chr8:43237792-43241899	0	5	0	5	0	2	high	GGO:col;PAB:col;PPA:col;PPY:col;PTR:col	0	0	OK
chr8:85728658-85741892	0	3	2	1	0	1	recurrent	GGO:HET;PPA:HET;SSY:col	0		
chr8:85741974-85762792	0	6	0	6	1	2	high	GGO:col;PAB:col;PPA:col;PPY:col;PTR:col;SSY:inv	0		
chr8:85769984-85821716	0	6	0	6	1	2	high	GGO:col;PAB:col;PPA:col;PPY:col;PTR:inv;SSY:inv	0		
chr8:102423403-102423638		0					none		0		
chr8:102880337-102881094	0	6	0	6	0	3	high	GGO:col;PAB:col;PPA:col;PPY:col;PTR:col;SSY:col	0		
chr8:121334797-121417882	0	6	0	6	0	3	high	GGO:col;PAB:col;PPA:col;PPY:col;PTR:col;SSY:col	0		
chr9:64028785-64068456	0	5	0	5	1	1	moderate	GGO:col;PAB:inv;PPA:col;PTR:col;SSY:col	0		
chr9:85797070-85801040	0	6	0	6	1	2	high	GGO:col;PAB:col;PPA:col;PPY:col;PTR:col;SSY:inv	0	0	OK
chr9:102565838-102570277	0	6	0	6	0	3	high	GGO:col;PAB:col;PPA:col;PPY:col;PTR:col;SSY:col	0		
chr9:113111686-113112886	0	5	1	4	0	1	moderate	GGO:inv;PAB:HET;PPA:col;PPY:col;PTR:inv	0		
chr9:129425466-129443855	0	6	0	6	0	3	high	GGO:col;PAB:col;PPA:col;PPY:col;PTR:col;SSY:col	0		
chrX:93514-134755	1	1	0	1	0	0	low	GGO:inv	0		
chrX:6219005-6220343	1	6	2	4	3	0	moderate	GGO:HET;PAB:inv;PPA:HET;PPY:inv;PTR:inv;SSY:inv	0		
chrX:14711416-14713197	0	6	0	6	0	3	high	GGO:col;PAB:col;PPA:col;PPY:col;PTR:col;SSY:col	0		
chrX:26782034-26792662	0	6	0	6	0	3	high	GGO:col;PAB:col;PPA:col;PPY:col;PTR:col;SSY:col	0		
chrX:45689038-45691227	1	6	0	6	3	0	high	GGO:col;PAB:inv;PPA:col;PPY:inv;PTR:inv;SSY:inv	0	0	XX
chrX:48396314-48399110	1	6	0	6	2	1	high	GGO:inv;PAB:col;PPA:col;PPY:inv;PTR:col;SSY:inv	0		
chrX:58621523-62370519	1	3	0	3	0	0	low	GGO:inv;PPA:inv;PTR:inv	0		
chrX:71702806-71778386	0	6	0	6	0	3	high	GGO:col;PAB:col;PPA:inv;PPY:col;PTR:col;SSY:col	0		
chrX:72997772-73077479	1	6	0	6	2	1	high	GGO:col;PAB:col;PPA:col;PPY:inv;PTR:inv;SSY:inv	0	1	OK
chrX:76146153-76148949	0	5	0	5	0	2	high	GGO:inv;PAB:col;PPA:inv;PPY:col;PTR:inv	0		
chrX:95091181-95138752	0	6	0	6	0	3	high	GGO:col;PAB:col;PPA:col;PPY:col;PTR:col;SSY:col	0		
chrX:102338170-102348934	0	5	0	5	0	2	high	GGO:col;PAB:col;PPA:col;PPY:col;PTR:col	0	0	OK
chrX:106266279-106275333	0	6	0	6	0	3	high	GGO:col;PAB:col;PPA:col;PPY:col;PTR:col;SSY:col	0		
chrX:112504686-112516959	0	6	0	6	0	3	high	GGO:col;PAB:col;PPA:col;PPY:col;PTR:col;SSY:col	0		
chrX:115725823-115730973	1	5	0	5	1	1	moderate	GGO:inv;PAB:col;PPA:inv;PTR:inv;SSY:inv	0		
chrX:135734732-135748584	1	6	0	6	2	1	high	GGO:inv;PAB:inv;PPA:inv;PPY:inv;PTR:col;SSY:col	0	1	OK
chrX:135765135-135776630	1	6	0	6	2	1	high	GGO:inv;PAB:inv;PPA:inv;PPY:inv;PTR:col;SSY:col	0		
chrX:135765867-135794758	1	6	0	6	2	1	high	GGO:inv;PAB:inv;PPA:inv;PPY:inv;PTR:col;SSY:col	0		
chrX:141110160-141232877	0	6	0	6	0	3	high	GGO:col;PAB:col;PPA:col;PPY:col;PTR:col;SSY:col	0		
chrX:141242121-141479853	0	6	0	6	0	3	high	GGO:col;PAB:col;PPA:col;PPY:col;PTR:col;SSY:col	0		
chrX:141585256-141589189	1	5	0	5	2	0	high	GGO:col;PAB:inv;PPA:col;PPY:inv;PTR:col	0		
chrX:154549470-154555683	0	6	0	6	0	3	high	GGO:col;PAB:col;PPA:col;PPY:col;PTR:col;SSY:col	0		
chrX:155708209-156030894		0					none		0		
chrY:6243097-6340647	1	5	0	5	2	0	high	GGO:col;PAB:inv;PPA:col;PPY:inv;PTR:col	0		
chrY:9797298-9817138	0	5	0	5	0	2	high	GGO:inv;PAB:col;PPA:col;PPY:col;PTR:col	0		
chrY:10367644-10419983	1	1	0	1	0	0	low	PPA:inv	0		
chrY:17949447-17956300	1	5	0	5	2	0	high	GGO:col;PAB:inv;PPA:inv;PPY:inv;PTR:inv	0		
chrY:18640355-18667145	0	3	1	2	0	1	moderate	GGO:HET;PAB:col;PPA:inv	0		
chrY:20060886-20082170		0					none		0		
chrY:21021692-21063744	0	5	0	5	0	3	high	GGO:col;PAB:col;PPA:col;PPY:col;SSY:col	0		
chrY:21053790-21063744	1	3	0	3	1	0	moderate	GGO:inv;PPA:inv;SSY:inv	0		
chrY:21745387-21761981	1	4	0	4	2	1	high	GGO:inv;PAB:inv;PPY:inv;SSY:col	0		
chrY:22204071-22384088	0	6	0	6	0	3	high	GGO:col;PAB:col;PPA:col;PPY:col;PTR:inv;SSY:col	0		
chrY:23208202-23210340	0	6	1	5	0	2	moderate	GGO:col;PAB:col;PPA:col;PPY:HET;PTR:col;SSY:col	0		
chr1:197787659-197788856	1	6	0	6	3	0	high	GGO:inv;PAB:inv;PPA:inv;PPY:inv;PTR:inv;SSY:inv	1	1	OK
chr10:46769328-46857141	1	6	0	6	3	0	high	GGO:inv;PAB:inv;PPA:inv;PPY:inv;PTR:inv;SSY:inv	1	1	OK
chr10:46983451-47468232	0	6	0	6	0	3	high	GGO:col;PAB:col;PPA:col;PPY:col;PTR:col;SSY:col	1	1	XX
chr10:47480263-47546423	0	6	0	6	2	1	moderate	GGO:col;PAB:inv;PPA:col;PPY:inv;PTR:col;SSY:col	1	1	XX
chr11:1894042-1915725	1	6	0	6	3	0	high	GGO:inv;PAB:inv;PPA:col;PPY:inv;PTR:col;SSY:inv	1	1	OK
chr11:50154999-50324102	1	6	0	6	1	2	moderate	GGO:inv;PAB:col;PPA:inv;PPY:col;PTR:inv;SSY:inv	1	1	OK
chr12:12392068-12393519	1	6	0	6	3	0	high	GGO:inv;PAB:inv;PPA:inv;PPY:inv;PTR:inv;SSY:inv	1	1	OK
chr12:17774389-17855572	1	6	0	6	3	0	high	GGO:inv;PAB:inv;PPA:inv;PPY:inv;PTR:inv;SSY:inv	1	1	OK
chr12:86847821-86857785	1	3	0	3	0	0	low	GGO:inv;PPA:inv;PTR:inv	1	1	OK
chr12:131295603-131312193	0	6	0	6	2	1	moderate	GGO:col;PAB:inv;PPA:col;PPY:col;PTR:col;SSY:inv	1	0	OK
chr12:131312081-131644839	0	6	0	6	2	1	moderate	GGO:col;PAB:inv;PPA:col;PPY:col;PTR:col;SSY:inv	1	0	OK
chr12:131333943-131623807	0	6	0	6	2	1	moderate	GGO:col;PAB:inv;PPA:col;PPY:col;PTR:col;SSY:inv	1	0	OK
chr13:37315207-37317760	1	6	0	6	3	0	high	GGO:inv;PAB:inv;PPA:inv;PPY:inv;PTR:inv;SSY:inv	1	1	OK
chr13:52310302-52320954	0	6	1	5	0	2	moderate	GGO:col;PAB:col;PPA:col;PPY:HET;PTR:col;SSY:col	1	1	XX
chr13:52344010-52502256	0	6	2	4	0	1	moderate	GGO:col;PAB:col;PPA:col;PPY:HET;PTR:col;SSY:HET	1	1	XX
chr13:63727377-63820968	0	6	0	6	0	3	high	GGO:col;PAB:col;PPA:col;PPY:col;PTR:col;SSY:col	1	1	XX
chr13:64598737-64616218	0	5	0	5	0	3	high	PAB:col;PPA:col;PPY:col;PTR:col;SSY:col	1	0	OK
chr15:22701127-23213881	0	6	0	6	0	3	high	GGO:col;PAB:col;PPA:inv;PPY:col;PTR:col;SSY:col	1	1	XX
chr15:23345459-28389868	1	6	1	5	1	1	moderate	GGO:inv;PAB:HET;PPA:inv;PPY:col;PTR:inv;SSY:inv	1	1	OK
chr16:21583511-22432381		6	0	6	2	1	moderate	GGO:col;PAB:inv;PPA:col;PPY:inv;PTR:inv;SSY:col	1	0	XX
chr16:21864964-22432381	0	6	0	6	0	3	high	GGO:inv;PAB:col;PPA:col;PPY:col;PTR:inv;SSY:col	1	0	OK
chr16:75206214-75222748	1	4	0	4	1	0	moderate	GGO:inv;PAB:inv;PPA:inv;PTR:inv	1	1	OK
chr17:3082008-3221835	0	6	0	6	1	2	high	GGO:col;PAB:col;PPA:col;PPY:col;PTR:col;SSY:inv	1	0	OK
chr17:37415181-37415638	0	6	0	6	0	3	high	GGO:col;PAB:col;PPA:col;PPY:col;PTR:col;SSY:col	1	1	XX
chr18:12145103-12146503	0	5	1	4	0	2	moderate	PAB:HET;PPA:col;PPY:col;PTR:col;SSY:col	1	1	XX
chr19:38774757-38788025	1	6	1	5	2	0	moderate	GGO:inv;PAB:inv;PPA:inv;PPY:HET;PTR:inv;SSY:inv	1	1	OK
chr2:90060918-90216479	0	5	0	5	0	3	high	GGO:col;PAB:col;PPA:col;PPY:col;SSY:col	1	1	XX
chr2:130138212-131200602	0	6	0	6	1	2	high	GGO:col;PAB:col;PPA:inv;PPY:col;PTR:col;SSY:inv	1	1	XX
chr2:138247429-138251774	0	6	0	6	0	3	high	GGO:col;PAB:col;PPA:col;PPY:col;PTR:col;SSY:col	1	1	XX
chr21:40028842-40033181	1	3	0	3	0	0	low	GGO:inv;PPA:inv;PTR:inv	1	1	OK
chr3:187418165-187424396		0					none		1	1	
chr4:68826254-68849811	0	6	1	5	0	2	moderate	GGO:col;PAB:HET;PPA:col;PPY:col;PTR:col;SSY:col	1	1	XX
chr4:87926011-87937547	1	2	0	2	0	0	low	GGO:inv;PTR:inv	1	1	OK
chr5:71009586-71093997	0	6	0	6	0	3	high	GGO:col;PAB:col;PPA:col;PPY:col;PTR:col;SSY:col	1	1	XX
chr7:5989046-6735643	0	6	1	5	0	2	moderate	GGO:col;PAB:col;PPA:col;PPY:col;PTR:col;SSY:HET	1	1	XX
chr7:40839776-40840871	1	6	0	6	3	0	high	GGO:inv;PAB:inv;PPA:inv;PPY:inv;PTR:inv;SSY:inv	1	1	OK
chr7:74869950-75058098	1	6	0	6	3	0	high	GGO:inv;PAB:inv;PPA:inv;PPY:inv;PTR:inv;SSY:inv	1	1	OK
chr7:143716562-143750998	0	6	0	6	0	3	high	GGO:col;PAB:col;PPA:col;PPY:col;PTR:col;SSY:col	1	1	XX
chr7:143779394-143798726	0	6	0	6	0	3	high	GGO:col;PAB:col;PPA:col;PPY:col;PTR:col;SSY:col	1	1	XX
chr7:152402450-152407535	0	6	0	6	0	3	high	GGO:col;PAB:col;PPA:col;PPY:col;PTR:col;SSY:col	1	0	OK
chr8:2343351-2378385	1	6	2	4	3	0	moderate	GGO:HET;PAB:inv;PPA:col;PPY:inv;PTR:HET;SSY:inv	1	1	OK
chr8:7301024-12598379	1	5	3	2	1	0	moderate	GGO:inv;PAB:HET;PPA:HET;PPY:inv;SSY:HET	1	1	OK
chr9:87942696-88110274	0	6	0	6	2	1	moderate	GGO:col;PAB:inv;PPA:col;PPY:inv;PTR:col;SSY:col	1	1	XX
chr9:123979106-123991038	1	6	0	6	3	0	high	GGO:inv;PAB:inv;PPA:inv;PPY:inv;PTR:inv;SSY:inv	1	1	OK
chrX:51692963-51700363	0	6	0	6	1	2	high	GGO:inv;PAB:inv;PPA:col;PPY:col;PTR:inv;SSY:col	1	1	XX
chrX:103989434-104049428	0	6	0	6	1	2	high	GGO:inv;PAB:col;PPA:col;PPY:inv;PTR:col;SSY:col	1	1	XX
chrX:141601876-141686290	0	6	0	6	2	1	moderate	GGO:col;PAB:inv;PPA:col;PPY:inv;PTR:col;SSY:col	1	0	OK
chrX:153074418-153075612	1	6	0	6	2	1	high	GGO:inv;PAB:inv;PPA:inv;PPY:inv;PTR:inv;SSY:col	1	0	XX
