inv_id	chrom	start	end	recurrence_class	n_direct_hap	n_inverted_hap	chimp_bp_plus	chimp_bp_minus	chimp_bp_total	strand_fraction	ancestral_orientation	ancestral_call_confidence	derived_orientation	minor_orientation	minor_is_derived	pi_direct	pi_inverted	direct_pi_lt_inverted	direct_derived_low_pi_flag
chr1:13104252-13122521	chr1	13104252	13122521	recurrent	20	42	1733	338	2071	0.8368	direct	moderate	inverted	direct	False	0.001646	0.001352	False	False
chr1:13190914-13324586	chr1	13190914	13324586	unknown	70	0	28099	57771	85870	0.6728	ambiguous	mixed_strand	NA	NA	NA	0.000785	0.000131	False	False
chr1:21203917-21204602	chr1	21203917	21204602	unknown	5	1	686	0	686	1.0	direct	high	inverted	inverted	True	0.000398	0.0	False	False
chr1:25324280-25369060	chr1	25324280	25369060	single-event	81	1	11920	13442	25362	0.53	ambiguous	mixed_strand	NA	inverted	NA	4e-05	nan	False	False
chr1:26641622-26646431	chr1	26641622	26646431	unknown	1	79	0	4810	4810	1.0	inverted	high	direct	direct	True	nan	0.0	False	False
chr1:43593641-43594291	chr1	43593641	43594291	unknown	10	46	29	0	29	NA	ambiguous	no_chimp_alignment	NA	direct	NA	0.0	0.0	False	False
chr1:60776841-60778677	chr1	60776841	60778677	unknown	55	3	1837	0	1837	1.0	direct	high	inverted	inverted	True	0.001008	0.000933	False	False
chr1:81650508-81707447	chr1	81650508	81707447	single-event	81	1	56903	37	56940	0.9994	direct	high	inverted	inverted	True	0.000618	nan	False	False
chr1:91666232-91667085	chr1	91666232	91667085	unknown	4	2	854	0	854	1.0	direct	high	inverted	inverted	True	0.0	0.0	False	False
chr1:108310642-108383736	chr1	108310642	108383736	recurrent	34	46	0	23888	23888	1.0	inverted	high	direct	direct	True	0.000188	0.000106	False	False
chr1:120299058-120600965	chr1	120299058	120600965	unknown	14	68	136877	131000	267877	0.511	ambiguous	mixed_strand	NA	direct	NA	0.0	7e-06	True	False
chr1:144376209-144600799	chr1	144376209	144600799	single-event	29	49	87265	38167	125432	0.6957	ambiguous	mixed_strand	NA	direct	NA	1.9e-05	1.8e-05	False	False
chr1:145160434-146154520	chr1	145160434	146154520	unknown	80	2	743618	190435	934053	0.7961	direct	moderate	inverted	inverted	True	0.000255	0.000525	True	False
chr1:146298109-148672872	chr1	146298109	148672872	unknown	2	80	1034188	1078966	2113154	0.5106	ambiguous	mixed_strand	NA	direct	NA	0.000801	0.000722	False	False
chr1:148893781-149265643	chr1	148893781	149265643	unknown	21	59	200615	140286	340901	0.5885	ambiguous	mixed_strand	NA	direct	NA	4.1e-05	4.2e-05	True	False
chr1:149843518-149850293	chr1	149843518	149850293	single-event	28	48	6760	0	6760	1.0	direct	high	inverted	direct	False	0.000211	0.000192	False	False
chr1:197787659-197788856	chr1	197787659	197788856	unknown	47	7	0	1198	1198	1.0	inverted	high	direct	inverted	False	0.00037	0.000209	False	False
chr1:227499209-227502113	chr1	227499209	227502113	unknown	67	9	2905	0	2905	1.0	direct	high	inverted	inverted	True	6.9e-05	0.000125	True	False
chr1:248128773-248428856	chr1	248128773	248428856	single-event	81	1	277148	141	277289	0.9995	direct	high	inverted	inverted	True	0.001017	nan	False	False
chr1:248518572-248529489	chr1	248518572	248529489	unknown	22	58	729	10178	10907	0.9332	inverted	high	direct	direct	True	0.001011	0.00069	False	False
chr10:4983056-4984361	chr10	4983056	4984361	unknown	59	3	1306	0	1306	1.0	direct	high	inverted	inverted	True	0.002096	0.001276	False	False
chr10:15742803-15760427	chr10	15742803	15760427	single-event	81	1	17625	0	17625	1.0	direct	high	inverted	inverted	True	0.000492	nan	False	False
chr10:37105149-37111121	chr10	37105149	37111121	unknown	42	38	1	5972	5973	0.9998	inverted	high	direct	inverted	False	0.0	0.0	False	False
chr10:46144703-46204851	chr10	46144703	46204851	single-event	75	5	43559	16045	59604	0.7308	direct	moderate	inverted	inverted	True	0.000433	0.00039	False	False
chr10:46983451-47468232	chr10	46983451	47468232	recurrent	75	7	0	476394	476394	1.0	inverted	high	direct	inverted	False	0.000442	0.000512	True	True
chr10:55007431-55013434	chr10	55007431	55013434	single-event	68	6	5861	135	5996	0.9775	direct	high	inverted	inverted	True	0.000258	0.000167	False	False
chr10:65465445-65470067	chr10	65465445	65470067	single-event	75	1	4613	0	4613	1.0	direct	high	inverted	inverted	True	0.001528	nan	False	False
chr10:71066858-71067726	chr10	71066858	71067726	unknown	31	1	869	0	869	1.0	direct	high	inverted	inverted	True	0.000805	0.001151	True	False
chr10:73657969-73660146	chr10	73657969	73660146	unknown	40	6	2178	0	2178	1.0	direct	high	inverted	inverted	True	2.6e-05	0.000131	True	False
chr10:79542901-80217413	chr10	79542901	80217413	single-event	77	3	77460	525861	603321	0.8716	inverted	moderate	direct	inverted	False	0.000632	1.3e-05	False	False
chr10:87308005-87425030	chr10	87308005	87425030	unknown	80	2	68943	0	68943	1.0	direct	high	inverted	inverted	True	0.0	0.0	False	False
chr10:91443587-91446029	chr10	91443587	91446029	unknown	13	67	1	2442	2443	0.9996	inverted	high	direct	direct	True	0.0	0.0	False	False
chr10:103205557-103205994	chr10	103205557	103205994	unknown	4	0	438	0	438	1.0	direct	high	inverted	NA	NA	0.002463	0.002283	False	False
chr10:113411933-113412252	chr10	113411933	113412252	unknown	3	3	320	0	320	1.0	direct	high	inverted	tie	NA	0.0	0.0	False	False
chr10:131619777-131620717	chr10	131619777	131620717	unknown	45	1	61	880	941	0.9352	inverted	high	direct	inverted	False	0.001075	0.00085	False	False
chr11:311836-317944	chr11	311836	317944	unknown	24	58	6109	0	6109	1.0	direct	high	inverted	direct	False	0.0	0.0	False	False
chr11:738649-740185	chr11	738649	740185	unknown	31	1	1537	0	1537	1.0	direct	high	inverted	inverted	True	0.000271	0.0	False	False
chr11:1667460-1683267	chr11	1667460	1683267	unknown	1	1	329	15301	15630	0.979	inverted	high	direct	tie	NA	nan	nan	False	False
chr11:4271709-4289557	chr11	4271709	4289557	unknown	5	53	7853	9966	17819	0.5593	ambiguous	mixed_strand	NA	direct	NA	0.0	0.0	False	False
chr11:18249084-18265819	chr11	18249084	18265819	single-event	81	1	16736	0	16736	1.0	direct	high	inverted	inverted	True	0.001114	nan	False	False
chr11:24263179-24266246	chr11	24263179	24266246	unknown	60	4	3068	0	3068	1.0	direct	high	inverted	inverted	True	0.0	0.0	False	False
chr11:48888300-48892127	chr11	48888300	48892127	unknown	50	28	3778	42	3820	0.989	direct	high	inverted	inverted	True	0.000215	0.000161	False	False
chr11:50154999-50324102	chr11	50154999	50324102	recurrent	51	31	1997	163749	165746	0.988	inverted	high	direct	inverted	False	0.000593	0.000592	False	False
chr11:55662739-55666690	chr11	55662739	55666690	unknown	63	15	3952	0	3952	1.0	direct	high	inverted	inverted	True	0.0	0.0	False	False
chr11:62093043-62102999	chr11	62093043	62102999	unknown	19	33	9062	895	9957	0.9101	direct	high	inverted	direct	False	0.000247	7.4e-05	False	False
chr11:66251227-66252453	chr11	66251227	66252453	unknown	29	7	1227	0	1227	1.0	direct	high	inverted	inverted	True	0.0	0.0	False	False
chr11:71571819-71576724	chr11	71571819	71576724	single-event	79	3	4906	0	4906	1.0	direct	high	inverted	inverted	True	0.000965	0.001359	True	False
chr11:89920623-89923848	chr11	89920623	89923848	recurrent	31	39	63	3163	3226	0.9805	inverted	high	direct	direct	True	0.000789	0.000859	True	True
chr12:13392624-13397634	chr12	13392624	13397634	unknown	9	45	0	0	0	NA	ambiguous	no_chimp_alignment	NA	direct	NA	0.0	0.0	False	False
chr12:37705668-37737662	chr12	37705668	37737662	unknown	80	2	0	0	0	NA	ambiguous	no_chimp_alignment	NA	inverted	NA	0.0	0.0	False	False
chr12:46896694-46915975	chr12	46896694	46915975	single-event	77	5	0	19282	19282	1.0	inverted	high	direct	inverted	False	0.000649	0.0	False	False
chr12:71546200-71547738	chr12	71546200	71547738	unknown	57	7	1539	0	1539	1.0	direct	high	inverted	inverted	True	0.0	0.0	False	False
chr12:75713180-75731794	chr12	75713180	75731794	single-event	81	1	18615	0	18615	1.0	direct	high	inverted	inverted	True	0.000585	nan	False	False
chr12:131312081-131644839	chr12	131312081	131644839	single-event	79	3	328577	2316	330893	0.993	direct	high	inverted	inverted	True	0.001042	0.000337	False	False
chr12:131333943-131623807	chr12	131333943	131623807	unknown	79	3	287486	768	288254	0.9973	direct	high	inverted	inverted	True	0.001091	0.00035	False	False
chr13:37315207-37317760	chr13	37315207	37317760	unknown	71	9	0	0	0	NA	ambiguous	no_chimp_alignment	NA	inverted	NA	0.0	0.0	False	False
chr13:48199250-48206639	chr13	48199250	48206639	single-event	78	2	7390	0	7390	1.0	direct	high	inverted	inverted	True	0.00037	0.000271	False	False
chr13:52310302-52320954	chr13	52310302	52320954	single-event	74	2	0	10653	10653	1.0	inverted	high	direct	inverted	False	0.000184	0.000375	True	True
chr13:52344010-52502256	chr13	52344010	52502256	unknown	79	3	30510	126961	157471	0.8063	inverted	moderate	direct	inverted	False	0.000285	0.000712	True	True
chr13:53902573-54093373	chr13	53902573	54093373	single-event	81	1	190476	0	190476	1.0	direct	high	inverted	inverted	True	0.000678	nan	False	False
chr13:63727377-63820968	chr13	63727377	63820968	unknown	72	4	92212	1345	93557	0.9856	direct	high	inverted	inverted	True	0.000191	0.000265	True	False
chr13:64598737-64616218	chr13	64598737	64616218	single-event	81	1	17482	0	17482	1.0	direct	high	inverted	inverted	True	0.000828	nan	False	False
chr13:79823210-79839670	chr13	79823210	79839670	unknown	76	6	16461	0	16461	1.0	direct	high	inverted	inverted	True	0.000833	0.000531	False	False
chr13:97456283-97456722	chr13	97456283	97456722	unknown	8	2	440	0	440	1.0	direct	high	inverted	inverted	True	0.000138	0.0	False	False
chr14:18862645-19659006	chr14	18862645	19659006	unknown	13	15	263285	149794	413079	0.6374	ambiguous	mixed_strand	NA	direct	NA	0.0	0.0	False	False
chr14:34547864-34555230	chr14	34547864	34555230	unknown	44	38	3858	0	3858	1.0	direct	high	inverted	inverted	True	7.4e-05	3.3e-05	False	False
chr14:60606118-60611659	chr14	60606118	60611659	single-event	68	14	5542	0	5542	1.0	direct	high	inverted	inverted	True	0.000172	2.6e-05	False	False
chr14:65375818-65376683	chr14	65375818	65376683	unknown	9	11	866	0	866	1.0	direct	high	inverted	direct	False	0.0	0.0	False	False
chr14:85872200-85889269	chr14	85872200	85889269	single-event	81	1	13060	0	13060	1.0	direct	high	inverted	inverted	True	0.000484	nan	False	False
chr14:105573622-105577544	chr14	105573622	105577544	unknown	4	2	3906	0	3906	1.0	direct	high	inverted	inverted	True	0.000108	0.00016	True	False
chr14:105693931-105698385	chr14	105693931	105698385	unknown	6	12	194	4100	4294	0.9548	inverted	high	direct	direct	True	0.0	0.0	False	False
chr15:22701127-23213881	chr15	22701127	23213881	unknown	81	1	469498	28502	498000	0.9428	direct	high	inverted	inverted	True	0.000639	nan	False	False
chr15:23295576-23318191	chr15	23295576	23318191	single-event	9	51	6847	15753	22600	0.697	ambiguous	mixed_strand	NA	direct	NA	0.001203	0.000366	False	False
chr15:23345459-28389868	chr15	23345459	28389868	single-event	81	1	77358	4870989	4948347	0.9844	inverted	high	direct	inverted	False	0.000889	nan	False	False
chr15:28298424-28623514	chr15	28298424	28623514	unknown	4	2	163889	156538	320427	0.5115	ambiguous	mixed_strand	NA	inverted	NA	0.000825	0.001005	True	False
chr15:30618103-32153204	chr15	30618103	32153204	recurrent	72	10	1386395	126524	1512919	0.9164	direct	high	inverted	inverted	True	0.000714	0.000347	False	False
chr15:82360482-82515134	chr15	82360482	82515134	unknown	69	5	27554	121576	149130	0.8152	inverted	moderate	direct	inverted	False	0.000173	0.000148	False	False
chr15:84373375-84416696	chr15	84373375	84416696	recurrent	38	44	36291	5667	41958	0.8649	direct	moderate	inverted	direct	False	0.001456	0.000664	False	False
chr16:1245200-1247503	chr16	1245200	1247503	unknown	4	74	2199	0	2199	1.0	direct	high	inverted	direct	False	0.0	0.0	False	False
chr16:14907775-15028479	chr16	14907775	15028479	unknown	8	14	20250	92055	112305	0.8197	inverted	moderate	direct	direct	True	2.7e-05	2.7e-05	False	False
chr16:14954790-15100859	chr16	14954790	15100859	recurrent	16	58	0	145317	145317	1.0	inverted	high	direct	direct	True	7.2e-05	0.000242	True	True
chr16:15384482-16276146	chr16	15384482	16276146	single-event	81	1	776724	8540	785264	0.9891	direct	high	inverted	inverted	True	0.000568	nan	False	False
chr16:16721273-18073542	chr16	16721273	18073542	recurrent	75	7	1338887	0	1338887	1.0	direct	high	inverted	inverted	True	0.000789	0.000603	False	False
chr16:20506046-20521893	chr16	20506046	20521893	unknown	66	12	266	0	266	1.0	direct	high	inverted	inverted	True	0.0	0.0	False	False
chr16:21583511-22432381	chr16	21583511	22432381	unknown	5	77	608677	198409	807086	0.7542	direct	moderate	inverted	direct	False	0.000244	0.000241	False	False
chr16:21864964-22432381	chr16	21864964	22432381	unknown	5	77	558127	6427	564554	0.9886	direct	high	inverted	direct	False	0.000263	0.00024	False	False
chr16:28471892-28637651	chr16	28471892	28637651	recurrent	52	30	155612	0	155612	1.0	direct	high	inverted	inverted	True	7.8e-05	0.00017	True	False
chr16:32364220-32528442	chr16	32364220	32528442	unknown	55	9	0	79179	79179	1.0	inverted	high	direct	inverted	False	0.0	0.0	False	False
chr16:35946683-35952382	chr16	35946683	35952382	single-event	3	67	0	0	0	NA	ambiguous	no_chimp_alignment	NA	direct	NA	0.0	6.2e-05	True	False
chr16:46383780-46384105	chr16	46383780	46384105	unknown	1	1	111	0	111	NA	ambiguous	no_chimp_alignment	NA	tie	NA	nan	nan	False	False
chr16:48616945-48617439	chr16	48616945	48617439	unknown	7	3	183	311	494	0.6296	ambiguous	mixed_strand	NA	inverted	NA	0.0	0.0	False	False
chr16:75206214-75222748	chr16	75206214	75222748	single-event	14	68	58	16342	16400	0.9965	inverted	high	direct	direct	True	0.000188	0.000725	True	True
chr16:85155339-85156001	chr16	85155339	85156001	unknown	21	39	1	662	663	0.9985	inverted	high	direct	direct	True	0.0	0.0	False	False
chr17:3082008-3221835	chr17	3082008	3221835	single-event	79	1	137875	0	137875	1.0	direct	high	inverted	inverted	True	0.00084	nan	False	False
chr17:5982838-5983104	chr17	5982838	5983104	unknown	0	64	1	266	267	0.9963	inverted	high	direct	NA	NA	0.0	0.0	False	False
chr17:16823490-18384190	chr17	16823490	18384190	single-event	78	2	4167	1244239	1248406	0.9967	inverted	high	direct	inverted	False	0.000469	0.000242	False	False
chr17:18622359-18823773	chr17	18622359	18823773	unknown	79	1	186375	7301	193676	0.9623	direct	high	inverted	inverted	True	1e-06	nan	False	False
chr17:30621881-30625589	chr17	30621881	30625589	unknown	36	36	0	3709	3709	1.0	inverted	high	direct	tie	NA	0.0	0.0	False	False
chr17:36109569-36223772	chr17	36109569	36223772	unknown	10	0	51534	58385	109919	0.5312	ambiguous	mixed_strand	NA	NA	NA	0.000498	0.000477	False	False
chr17:37415181-37415638	chr17	37415181	37415638	unknown	1	1	0	458	458	1.0	inverted	high	direct	tie	NA	nan	nan	False	False
chr17:43232908-43321964	chr17	43232908	43321964	unknown	1	79	21613	3797	25410	0.8506	direct	moderate	inverted	direct	False	nan	0.0	False	False
chr17:43263148-43322883	chr17	43263148	43322883	unknown	1	79	13821	3322	17143	0.8062	direct	moderate	inverted	direct	False	nan	0.0	False	False
chr17:45585159-46292045	chr17	45585159	46292045	single-event	72	10	99985	603293	703278	0.8578	inverted	moderate	direct	inverted	False	0.00024	0.000138	False	False
chr17:60035640-60110888	chr17	60035640	60110888	unknown	74	8	74936	0	74936	1.0	direct	high	inverted	inverted	True	0.000227	0.000118	False	False
chr17:76181937-76182932	chr17	76181937	76182932	unknown	23	1	996	0	996	1.0	direct	high	inverted	inverted	True	0.00041	0.000669	True	False
chr18:12145103-12146503	chr18	12145103	12146503	unknown	18	60	0	1401	1401	1.0	inverted	high	direct	direct	True	0.0	0.0	False	False
chr18:29783947-29784342	chr18	29783947	29784342	unknown	2	2	0	360	360	1.0	inverted	high	direct	tie	NA	0.0	0.0	False	False
chr19:43365871-43369065	chr19	43365871	43369065	unknown	69	1	50	1605	1655	0.9698	inverted	high	direct	inverted	False	0.0	nan	False	False
chr19:47959660-50091195	chr19	47959660	50091195	unknown	80	2	2069054	23150	2092204	0.9889	direct	high	inverted	inverted	True	0.000684	0.000585	False	False
chr2:45065588-45081777	chr2	45065588	45081777	single-event	79	3	0	0	0	NA	ambiguous	no_chimp_alignment	NA	inverted	NA	0.000935	0.000165	False	False
chr2:87987171-111255403	chr2	87987171	111255403	single-event	81	1	193323	54775	248098	0.7792	direct	moderate	inverted	inverted	True	0.000448	nan	False	False
chr2:87995841-88180536	chr2	87995841	88180536	single-event	81	1	0	137	137	NA	ambiguous	no_chimp_alignment	NA	inverted	NA	0.000528	nan	False	False
chr2:88861564-88886160	chr2	88861564	88886160	unknown	6	6	1253	0	1253	1.0	direct	high	inverted	tie	NA	0.0	0.0	False	False
chr2:90060918-90216479	chr2	90060918	90216479	unknown	62	4	0	0	0	NA	ambiguous	no_chimp_alignment	NA	inverted	NA	0.0	0.0	False	False
chr2:90286375-90379428	chr2	90286375	90379428	unknown	10	2	135	0	135	NA	ambiguous	no_chimp_alignment	NA	inverted	NA	6.3e-05	4.7e-05	False	False
chr2:91832040-92012663	chr2	91832040	92012663	recurrent	48	34	114847	134	114981	0.9988	direct	high	inverted	inverted	True	0.00016	0.000175	True	False
chr2:94191333-94294046	chr2	94191333	94294046	unknown	0	2	289	25	314	0.9204	direct	high	inverted	NA	NA	0.0	1e-05	True	False
chr2:95496989-95579796	chr2	95496989	95579796	unknown	65	17	5359	116	5475	0.9788	direct	high	inverted	inverted	True	0.000117	0.000129	True	False
chr2:95800191-96024403	chr2	95800191	96024403	recurrent	77	5	0	0	0	NA	ambiguous	no_chimp_alignment	NA	inverted	NA	8.7e-05	0.000102	True	False
chr2:97168744-97170236	chr2	97168744	97170236	unknown	17	1	0	0	0	NA	ambiguous	no_chimp_alignment	NA	inverted	NA	1.8e-05	0.0	False	False
chr2:97348052-97360454	chr2	97348052	97360454	unknown	39	41	0	0	0	NA	ambiguous	no_chimp_alignment	NA	direct	NA	0.0	0.0	False	False
chr2:108527821-109733036	chr2	108527821	109733036	unknown	80	2	1738	2720	4458	0.6101	ambiguous	mixed_strand	NA	inverted	NA	0.000556	0.000709	True	False
chr2:110095177-110276210	chr2	110095177	110276210	unknown	29	51	0	0	0	NA	ambiguous	no_chimp_alignment	NA	direct	NA	0.000663	0.000415	False	False
chr2:130138212-131200602	chr2	130138212	131200602	single-event	80	2	28	27285	27313	0.999	inverted	high	direct	inverted	False	0.000535	0.000487	False	False
chr2:130138212-131530534	chr2	130138212	131530534	single-event	80	2	3607	27953	31560	0.8857	inverted	moderate	direct	inverted	False	0.000638	0.000516	False	False
chr2:138247429-138251774	chr2	138247429	138251774	unknown	23	59	0	0	0	NA	ambiguous	no_chimp_alignment	NA	direct	NA	0.0	8.5e-05	True	False
chr2:215962718-215963440	chr2	215962718	215963440	unknown	15	1	0	0	0	NA	ambiguous	no_chimp_alignment	NA	inverted	NA	0.000594	0.000307	False	False
chr2:222149224-222149582	chr2	222149224	222149582	unknown	1	1	0	0	0	NA	ambiguous	no_chimp_alignment	NA	tie	NA	0.003478	nan	False	False
chr2:236356880-236358489	chr2	236356880	236358489	unknown	1	1	0	0	0	NA	ambiguous	no_chimp_alignment	NA	tie	NA	0.0	0.0	False	False
chr2:240685789-240688966	chr2	240685789	240688966	unknown	48	28	0	0	0	NA	ambiguous	no_chimp_alignment	NA	inverted	NA	0.0	0.0	False	False
chr20:10807797-10808434	chr20	10807797	10808434	unknown	23	27	20	618	638	0.9687	inverted	high	direct	direct	True	0.0	0.0	False	False
chr20:24397726-24406144	chr20	24397726	24406144	single-event	81	1	8419	0	8419	1.0	direct	high	inverted	inverted	True	0.000824	nan	False	False
chr20:25846148-26009643	chr20	25846148	26009643	unknown	67	15	9714	149559	159273	0.939	inverted	high	direct	inverted	False	0.000723	0.000165	False	False
chr20:28495291-28508286	chr20	28495291	28508286	unknown	1	19	0	0	0	NA	ambiguous	no_chimp_alignment	NA	direct	NA	0.0	0.0	False	False
chr20:28751288-28752630	chr20	28751288	28752630	unknown	1	1	0	0	0	NA	ambiguous	no_chimp_alignment	NA	tie	NA	nan	nan	False	False
chr20:29257746-29419750	chr20	29257746	29419750	single-event	69	1	80321	38908	119229	0.6737	ambiguous	mixed_strand	NA	inverted	NA	0.000169	nan	False	False
chr20:47841016-47888238	chr20	47841016	47888238	single-event	81	1	46828	39	46867	0.9992	direct	high	inverted	inverted	True	0.000828	nan	False	False
chr21:13987773-14056796	chr21	13987773	14056796	single-event	79	3	68945	0	68945	1.0	direct	high	inverted	inverted	True	0.000237	2.9e-05	False	False
chr21:19877734-20070170	chr21	19877734	20070170	single-event	81	1	192363	0	192363	1.0	direct	high	inverted	inverted	True	0.000897	nan	False	False
chr21:26001836-26002391	chr21	26001836	26002391	unknown	1	9	14	542	556	0.9748	inverted	high	direct	direct	True	0.0	0.0	False	False
chr21:26648368-26649407	chr21	26648368	26649407	unknown	21	37	0	0	0	NA	ambiguous	no_chimp_alignment	NA	direct	NA	0.0	0.0	False	False
chr21:43821742-43835116	chr21	43821742	43835116	single-event	81	1	13375	0	13375	1.0	direct	high	inverted	inverted	True	0.001792	nan	False	False
chr22:21443089-21491761	chr22	21443089	21491761	unknown	28	54	0	25840	25840	1.0	inverted	high	direct	direct	True	0.000108	0.000105	False	False
chr22:23969582-23971740	chr22	23969582	23971740	unknown	3	3	1	2158	2159	0.9995	inverted	high	direct	tie	NA	0.000331	0.000199	False	False
chr3:26316193-26317447	chr3	26316193	26317447	unknown	57	1	1255	0	1255	1.0	direct	high	inverted	inverted	True	0.000591	0.0	False	False
chr3:28417060-28417483	chr3	28417060	28417483	unknown	4	6	0	0	0	NA	ambiguous	no_chimp_alignment	NA	direct	NA	0.0	0.0	False	False
chr3:75454477-75455715	chr3	75454477	75455715	single-event	13	1	1239	0	1239	1.0	direct	high	inverted	inverted	True	0.00061	0.000538	False	False
chr3:131969227-131977820	chr3	131969227	131977820	unknown	73	9	8594	0	8594	1.0	direct	high	inverted	inverted	True	0.0	0.0	False	False
chr3:162827574-162829855	chr3	162827574	162829855	unknown	13	11	2282	0	2282	1.0	direct	high	inverted	inverted	True	0.0	0.0	False	False
chr3:195680054-195724206	chr3	195680054	195724206	unknown	1	1	43767	57	43824	0.9987	direct	high	inverted	tie	NA	nan	nan	False	False
chr3:195692124-195956606	chr3	195692124	195956606	unknown	60	22	245541	11287	256828	0.9561	direct	high	inverted	inverted	True	0.000582	0.000567	False	False
chr3:195749463-195980207	chr3	195749463	195980207	recurrent	60	22	188875	34395	223270	0.8459	direct	moderate	inverted	inverted	True	0.000494	0.000513	True	False
chr4:33098066-33104924	chr4	33098066	33104924	single-event	79	3	6859	0	6859	1.0	direct	high	inverted	inverted	True	0.000163	0.0	False	False
chr4:40233406-40235439	chr4	40233406	40235439	unknown	27	9	2034	0	2034	1.0	direct	high	inverted	inverted	True	0.0	0.0	False	False
chr4:49284664-49291017	chr4	49284664	49291017	unknown	5	15	0	0	0	NA	ambiguous	no_chimp_alignment	NA	direct	NA	0.0	0.0	False	False
chr4:49291019-49325004	chr4	49291019	49325004	unknown	32	36	0	0	0	NA	ambiguous	no_chimp_alignment	NA	direct	NA	0.0	0.0	False	False
chr4:87926011-87937547	chr4	87926011	87937547	unknown	17	65	24	11512	11536	0.9979	inverted	high	direct	direct	True	0.0	8e-06	True	True
chr4:145693552-145694748	chr4	145693552	145694748	unknown	9	53	0	0	0	NA	ambiguous	no_chimp_alignment	NA	direct	NA	0.0	0.0	False	False
chr4:156905870-156912808	chr4	156905870	156912808	unknown	81	1	6939	0	6939	1.0	direct	high	inverted	inverted	True	0.000143	nan	False	False
chr4:187950173-187954784	chr4	187950173	187954784	unknown	52	28	4612	0	4612	1.0	direct	high	inverted	inverted	True	0.0	0.0	False	False
chr5:16978658-16979397	chr5	16978658	16979397	unknown	6	2	740	0	740	1.0	direct	high	inverted	inverted	True	0.001009	0.001622	True	False
chr5:17580905-17592445	chr5	17580905	17592445	unknown	4	6	0	0	0	NA	ambiguous	no_chimp_alignment	NA	direct	NA	0.0	0.0	False	False
chr5:21479305-21500726	chr5	21479305	21500726	unknown	22	0	352	20538	20890	0.9831	inverted	high	direct	NA	NA	0.0	0.0	False	False
chr5:29069229-29069523	chr5	29069229	29069523	unknown	17	27	0	3	3	NA	ambiguous	no_chimp_alignment	NA	direct	NA	0.0	0.0	False	False
chr5:46896906-46915828	chr5	46896906	46915828	unknown	0	22	0	0	0	NA	ambiguous	no_chimp_alignment	NA	NA	NA	0.0	0.0	False	False
chr5:47061568-47082062	chr5	47061568	47082062	unknown	2	2	0	0	0	NA	ambiguous	no_chimp_alignment	NA	tie	NA	0.0	0.0	False	False
chr5:47105115-47151367	chr5	47105115	47151367	unknown	3	29	0	0	0	NA	ambiguous	no_chimp_alignment	NA	direct	NA	0.0	0.0	False	False
chr5:64470920-64477089	chr5	64470920	64477089	unknown	22	60	0	0	0	NA	ambiguous	no_chimp_alignment	NA	direct	NA	0.0	0.0	False	False
chr5:64470928-64475118	chr5	64470928	64475118	unknown	20	58	0	0	0	NA	ambiguous	no_chimp_alignment	NA	direct	NA	0.0	0.0	False	False
chr5:71009586-71093997	chr5	71009586	71093997	single-event	6	0	0	0	0	NA	ambiguous	no_chimp_alignment	NA	NA	NA	0.000344	0.000355	True	False
chr5:112179911-112236600	chr5	112179911	112236600	single-event	81	1	56350	0	56350	1.0	direct	high	inverted	inverted	True	0.000718	nan	False	False
chr5:124425560-124546657	chr5	124425560	124546657	single-event	81	1	121098	0	121098	1.0	direct	high	inverted	inverted	True	0.001002	nan	False	False
chr5:177946129-178003952	chr5	177946129	178003952	single-event	81	1	34448	13568	48016	0.7174	direct	moderate	inverted	inverted	True	0.001059	nan	False	False
chr5:179643529-179651253	chr5	179643529	179651253	single-event	1	79	7088	0	7088	1.0	direct	high	inverted	direct	False	nan	0.000558	False	False
chr5:181098775-181100846	chr5	181098775	181100846	unknown	42	16	2	2070	2072	0.999	inverted	high	direct	inverted	False	0.0	0.0	False	False
chr6:76109081-76158474	chr6	76109081	76158474	single-event	79	3	47401	0	47401	1.0	direct	high	inverted	inverted	True	0.000375	1.3e-05	False	False
chr6:89213914-89214230	chr6	89213914	89214230	unknown	17	33	2	0	2	NA	ambiguous	no_chimp_alignment	NA	direct	NA	0.0	0.0	False	False
chr6:94031360-94031695	chr6	94031360	94031695	unknown	12	40	1	0	1	NA	ambiguous	no_chimp_alignment	NA	direct	NA	0.0	0.0	False	False
chr6:123106049-123109821	chr6	123106049	123109821	single-event	75	3	3773	0	3773	1.0	direct	high	inverted	inverted	True	0.000382	0.0	False	False
chr6:130527041-130531150	chr6	130527041	130531150	unknown	70	12	4110	0	4110	1.0	direct	high	inverted	inverted	True	0.00019	0.000281	True	False
chr6:141866310-141898728	chr6	141866310	141898728	single-event	78	4	32126	0	32126	1.0	direct	high	inverted	inverted	True	0.000624	1.5e-05	False	False
chr6:167209001-167357782	chr6	167209001	167357782	single-event	80	2	115692	9033	124725	0.9276	direct	high	inverted	inverted	True	0.001306	6.7e-05	False	False
chr7:5989046-6735643	chr7	5989046	6735643	recurrent	73	9	8829	728769	737598	0.988	inverted	high	direct	inverted	False	0.000612	0.000671	True	True
chr7:33990735-34010143	chr7	33990735	34010143	single-event	81	1	19409	0	19409	1.0	direct	high	inverted	inverted	True	0.000377	nan	False	False
chr7:40839776-40840871	chr7	40839776	40840871	unknown	20	34	1077	2	1079	0.9981	direct	high	inverted	direct	False	0.0	0.0	False	False
chr7:47614508-47615262	chr7	47614508	47615262	unknown	19	7	755	0	755	1.0	direct	high	inverted	inverted	True	0.002694	0.003264	True	False
chr7:54234014-54308393	chr7	54234014	54308393	single-event	30	52	74380	0	74380	1.0	direct	high	inverted	direct	False	0.000497	0.000306	False	False
chr7:57641572-57838971	chr7	57641572	57838971	unknown	71	9	22239	170780	193019	0.8848	inverted	moderate	direct	inverted	False	0.000457	0.000549	True	True
chr7:57835188-58119653	chr7	57835188	58119653	single-event	81	1	62352	33167	95519	0.6528	ambiguous	mixed_strand	NA	inverted	NA	0.000125	nan	False	False
chr7:60911891-61578023	chr7	60911891	61578023	recurrent	40	42	63633	18800	82433	0.7719	direct	moderate	inverted	direct	False	0.000106	0.000168	True	False
chr7:62290674-62363143	chr7	62290674	62363143	recurrent	44	34	42176	12568	54744	0.7704	direct	moderate	inverted	inverted	True	6.6e-05	0.000103	True	False
chr7:62408486-62456444	chr7	62408486	62456444	recurrent	33	47	29363	12311	41674	0.7046	direct	moderate	inverted	direct	False	0.000646	0.00062	False	False
chr7:63356275-63388165	chr7	63356275	63388165	unknown	46	32	3831	5171	9002	0.5744	ambiguous	mixed_strand	NA	inverted	NA	4e-06	0.0	False	False
chr7:65219157-65531823	chr7	65219157	65531823	recurrent	54	26	0	287325	287325	1.0	inverted	high	direct	inverted	False	0.0007	0.000242	False	False
chr7:67019303-67020338	chr7	67019303	67020338	unknown	27	5	1036	0	1036	1.0	direct	high	inverted	inverted	True	0.00032	0.000483	True	False
chr7:70961198-70973901	chr7	70961198	70973901	single-event	30	52	12704	0	12704	1.0	direct	high	inverted	direct	False	0.000568	6e-06	False	False
chr7:73113989-74799029	chr7	73113989	74799029	recurrent	77	3	1593786	74517	1668303	0.9553	direct	high	inverted	inverted	True	0.000293	0.000314	True	False
chr7:74869950-75058098	chr7	74869950	75058098	recurrent	72	8	703	163546	164249	0.9957	inverted	high	direct	inverted	False	0.000277	0.00024	False	False
chr7:76603963-76620409	chr7	76603963	76620409	unknown	1	1	16447	0	16447	1.0	direct	high	inverted	tie	NA	nan	nan	False	False
chr7:97445822-97459601	chr7	97445822	97459601	single-event	81	1	13780	0	13780	1.0	direct	high	inverted	inverted	True	0.000551	nan	False	False
chr7:107418983-107422332	chr7	107418983	107422332	unknown	0	62	1	3349	3350	0.9997	inverted	high	direct	NA	NA	nan	0.0	False	False
chr7:143716562-143750998	chr7	143716562	143750998	unknown	53	27	0	34437	34437	1.0	inverted	high	direct	inverted	False	0.000498	0.000635	True	True
chr7:144254564-144256766	chr7	144254564	144256766	unknown	7	27	0	536	536	1.0	inverted	high	direct	direct	True	0.0	0.0	False	False
chr8:2343351-2378385	chr8	2343351	2378385	recurrent	40	42	34674	0	34674	1.0	direct	high	inverted	direct	False	0.0011	0.001839	True	False
chr8:7301024-12598379	chr8	7301024	12598379	recurrent	41	41	4357006	403449	4760455	0.9152	direct	high	inverted	tie	NA	0.000797	0.000872	True	False
chr8:12369152-12394133	chr8	12369152	12394133	unknown	36	10	0	0	0	NA	ambiguous	no_chimp_alignment	NA	inverted	NA	0.0	0.0	False	False
chr8:85741974-85762792	chr8	85741974	85762792	unknown	0	2	961	1383	2344	0.59	ambiguous	mixed_strand	NA	NA	NA	0.0	0.0	False	False
chr8:102423403-102423638	chr8	102423403	102423638	unknown	16	26	0	0	0	NA	ambiguous	no_chimp_alignment	NA	direct	NA	0.0	0.0	False	False
chr8:102880337-102881094	chr8	102880337	102881094	unknown	11	1	758	0	758	1.0	direct	high	inverted	inverted	True	0.000398	0.00088	True	False
chr9:12004038-12074552	chr9	12004038	12074552	single-event	78	2	69031	0	69031	1.0	direct	high	inverted	inverted	True	0.001024	4.3e-05	False	False
chr9:30952354-30956484	chr9	30952354	30956484	unknown	77	1	4131	0	4131	1.0	direct	high	inverted	inverted	True	0.0009	nan	False	False
chr9:38773640-42796744	chr9	38773640	42796744	unknown	1	3	2044593	303880	2348473	0.8706	direct	moderate	inverted	direct	False	nan	2.3e-05	False	False
chr9:85797070-85801040	chr9	85797070	85801040	single-event	79	1	0	3971	3971	1.0	inverted	high	direct	inverted	False	0.000664	nan	False	False
chr9:87942696-88110274	chr9	87942696	88110274	single-event	81	1	84997	61111	146108	0.5817	ambiguous	mixed_strand	NA	inverted	NA	0.000787	nan	False	False
chr9:91958957-91959591	chr9	91958957	91959591	unknown	8	2	635	0	635	1.0	direct	high	inverted	inverted	True	0.0	0.0	False	False
chr9:102565838-102570277	chr9	102565838	102570277	unknown	72	6	4440	0	4440	1.0	direct	high	inverted	inverted	True	0.0	0.0	False	False
chr9:113111686-113112886	chr9	113111686	113112886	unknown	23	41	1201	0	1201	1.0	direct	high	inverted	direct	False	0.0	0.0	False	False
chr9:123979106-123991038	chr9	123979106	123991038	unknown	39	43	0	11933	11933	1.0	inverted	high	direct	direct	True	3.8e-05	4e-06	False	False
chrX:6219005-6220343	chrX	6219005	6220343	unknown	13	15	4	1335	1339	0.997	inverted	high	direct	direct	True	0.0	0.0	False	False
chrX:14711416-14713197	chrX	14711416	14713197	unknown	37	1	1782	0	1782	1.0	direct	high	inverted	inverted	True	0.000767	0.001122	True	False
chrX:45689038-45691227	chrX	45689038	45691227	unknown	44	2	211	0	211	1.0	direct	high	inverted	inverted	True	0.000619	0.0	False	False
chrX:48396314-48399110	chrX	48396314	48399110	unknown	18	2	0	1189	1189	1.0	inverted	high	direct	inverted	False	0.0	0.0	False	False
chrX:51692963-51700363	chrX	51692963	51700363	unknown	15	35	1	7400	7401	0.9999	inverted	high	direct	direct	True	0.000193	0.000198	True	True
chrX:52077120-52176974	chrX	52077120	52176974	recurrent	29	21	3352	96503	99855	0.9664	inverted	high	direct	inverted	False	0.000926	0.000699	False	False
chrX:52502274-52510614	chrX	52502274	52510614	unknown	13	37	2906	1632	4538	0.6404	ambiguous	mixed_strand	NA	direct	NA	0.0	0.0	False	False
chrX:52921572-52934581	chrX	52921572	52934581	unknown	20	30	0	0	0	NA	ambiguous	no_chimp_alignment	NA	direct	NA	0.0	0.0	False	False
chrX:55480141-55493063	chrX	55480141	55493063	unknown	29	21	0	0	0	NA	ambiguous	no_chimp_alignment	NA	inverted	NA	0.0	0.0	False	False
chrX:63185600-63193343	chrX	63185600	63193343	unknown	26	24	0	148	148	NA	ambiguous	no_chimp_alignment	NA	inverted	NA	0.0	0.0	False	False
chrX:72997772-73077479	chrX	72997772	73077479	recurrent	42	8	67569	0	67569	1.0	direct	high	inverted	inverted	True	0.000453	0.0004	False	False
chrX:76146153-76148949	chrX	76146153	76148949	unknown	18	28	0	2797	2797	1.0	inverted	high	direct	direct	True	0.0	0.0	False	False
chrX:101602193-101611599	chrX	101602193	101611599	unknown	25	25	1	9406	9407	0.9999	inverted	high	direct	tie	NA	8.2e-05	0.000112	True	True
chrX:102338170-102348934	chrX	102338170	102348934	unknown	24	26	0	8555	8555	1.0	inverted	high	direct	direct	True	0.0	0.0	False	False
chrX:103989434-104049428	chrX	103989434	104049428	recurrent	22	28	1953	44712	46665	0.9581	inverted	high	direct	direct	True	0.000252	0.000305	True	True
chrX:106266279-106275333	chrX	106266279	106275333	unknown	6	12	9055	0	9055	1.0	direct	high	inverted	direct	False	0.0	1.3e-05	True	False
chrX:112504686-112516959	chrX	112504686	112516959	single-event	49	1	12274	0	12274	1.0	direct	high	inverted	inverted	True	0.000753	nan	False	False
chrX:120087101-120149199	chrX	120087101	120149199	unknown	35	15	1	61988	61989	1.0	inverted	high	direct	inverted	False	0.000411	0.000336	False	False
chrX:135165183-135207322	chrX	135165183	135207322	unknown	30	20	9203	32937	42140	0.7816	inverted	moderate	direct	inverted	False	0.000108	0.000228	True	True
chrX:135623647-135665679	chrX	135623647	135665679	unknown	47	3	41463	564	42027	0.9866	direct	high	inverted	inverted	True	0.000248	0.000555	True	False
chrX:135734732-135748584	chrX	135734732	135748584	unknown	38	10	0	0	0	NA	ambiguous	no_chimp_alignment	NA	inverted	NA	0.000423	0.000626	True	False
chrX:135765135-135776630	chrX	135765135	135776630	unknown	1	3	11496	0	11496	1.0	direct	high	inverted	direct	False	nan	0.0	False	False
chrX:141110160-141232877	chrX	141110160	141232877	unknown	44	6	114505	0	114505	1.0	direct	high	inverted	inverted	True	0.000614	0.000643	True	False
chrX:141585256-141589189	chrX	141585256	141589189	unknown	3	3	1200	1764	2964	0.5951	ambiguous	mixed_strand	NA	tie	NA	0.000487	0.00048	False	False
chrX:149599490-149655967	chrX	149599490	149655967	recurrent	48	2	0	56439	56439	1.0	inverted	high	direct	inverted	False	0.000192	0.000142	False	False
chrX:149681035-149722249	chrX	149681035	149722249	recurrent	20	30	93	40801	40894	0.9977	inverted	high	direct	direct	True	0.000476	0.000514	True	True
chrX:149747302-149768782	chrX	149747302	149768782	unknown	48	2	8102	2498	10600	0.7643	direct	moderate	inverted	inverted	True	4.7e-05	4.7e-05	False	False
chrX:152729753-152738707	chrX	152729753	152738707	recurrent	24	24	8955	0	8955	1.0	direct	high	inverted	tie	NA	0.001268	0.001296	True	False
chrX:153074418-153075612	chrX	153074418	153075612	unknown	17	17	1195	0	1195	1.0	direct	high	inverted	tie	NA	0.0	0.0	False	False
chrX:153149748-153250226	chrX	153149748	153250226	recurrent	23	27	100061	0	100061	1.0	direct	high	inverted	direct	False	0.00053	0.000517	False	False
chrX:154347246-154384867	chrX	154347246	154384867	recurrent	29	21	1260	36356	37616	0.9665	inverted	high	direct	inverted	False	7e-05	0.00033	True	True
chrX:154591327-154613096	chrX	154591327	154613096	recurrent	33	17	0	21770	21770	1.0	inverted	high	direct	inverted	False	0.000102	0.000364	True	True
chrX:155386727-155453982	chrX	155386727	155453982	recurrent	43	7	1	65798	65799	1.0	inverted	high	direct	inverted	False	0.00027	0.000317	True	True
