inv_id	flip	ntag	frac	n_anchor_carr	n_invtag	confidence	gold_tier	gold_flip
chr1:21203917-21204602	0	52	0.923	2	2	moderate	synteny	0
chr10:46769328-46857141	1	18	0.916	12	52	high	gold_strandseq	1
chr10:46983451-47468232	1	19	0.921	12	106	high	gold_t2t_apes	1
chr10:47480263-47546423	1	13	0.924	9	3	high	gold_t2t_apes	1
chr10:79542901-80217413	1	34	0.937	11	167	high	gold_t2t_apes	1
chr11:4271709-4289557	0	37	0.881	1	2	moderate	gold_t2t_apes	1
chr13:53902573-54093373	0	1	1.000	1	23	low	synteny	0
chr13:63727377-63820968	1	2	1.000	12	3	low	gold_strandseq	1
chr6:130527041-130531150	0	23	0.871	3	3	high	synteny	0
chr7:70961198-70973901	1	106	0.571	6	3	low	gold_t2t_apes	1
