inv_id	t2t_flip	confidence	n_species	n_deep	n_het	apes
chr1:13104252-13122521	1	low	1	1	1	PPY:HET
chr1:13190914-13324586	1	low	2	2	1	PPY:HET;SSY:HOM
chr1:16653300-16795670	1	low	1	0	1	PTR:HET
chr1:16680663-16724992	1	low	1	0	1	PTR:HET
chr1:25324280-25369060	1	recurrent	2	0	2	GGO:HET;PPA:HET
chr1:43593641-43594291	1	low	1	1	0	SSY:HOM
chr1:120299058-120600965	1	high	4	3	1	GGO:HOM;PAB:HOM;PPY:HOM;SSY:HET
chr1:144376209-144600799	1	low	1	1	1	SSY:HET
chr1:145160434-146154520	1	high	6	3	1	GGO:HOM;PAB:HOM;PPA:HOM;PPY:HOM;PTR:HOM;SSY:HET
chr1:146298109-148672872	1	recurrent	3	1	2	GGO:HET;PPA:HOM;SSY:HET
chr1:148288482-148295706	1	high	5	3	2	GGO:HOM;PAB:HOM;PPA:HET;PPY:HOM;SSY:HET
chr1:148893781-149265643	1	moderate	4	1	2	GGO:HET;PPA:HOM;PTR:HOM;SSY:HET
chr1:149843518-149850293	1	recurrent	4	3	3	GGO:HET;PAB:HET;PPY:HOM;SSY:HET
chr1:227499209-227502113	1	moderate	4	1	1	GGO:HOM;PPA:HOM;PTR:HET;SSY:HOM
chr1:247661377-248128772	1	low	1	1	0	SSY:HOM
chr1:248128773-248428856	1	low	1	1	0	SSY:HOM
chr1:248518572-248529489	1	moderate	2	1	0	PPA:HOM;SSY:HOM
chr10:37105149-37111121	1	low	3	0	0	GGO:HOM;PPA:HOM;PTR:HOM
chr10:46144703-46204851	1	high	3	2	0	GGO:HOM;PAB:HOM;PPY:HOM
chr10:46213494-46283272	1	high	4	2	1	GGO:HOM;PAB:HOM;PPA:HOM;PPY:HET
chr10:46769328-46857141	1	recurrent	3	2	2	GGO:HOM;PAB:HET;PPY:HET
chr10:46983451-47468232	1	high	5	2	1	GGO:HOM;PAB:HOM;PPA:HET;PPY:HOM;PTR:HOM
chr10:47480263-47546423	1	high	5	2	1	GGO:HOM;PAB:HOM;PPA:HET;PPY:HOM;PTR:HOM
chr10:47649265-47756785	1	recurrent	4	2	3	GGO:HOM;PAB:HET;PPA:HET;PPY:HET
chr10:47983093-48044442	1	recurrent	4	2	3	GGO:HOM;PAB:HET;PPA:HET;PPY:HET
chr10:55007431-55013434	1	high	3	2	0	GGO:HOM;PAB:HOM;PPY:HOM
chr10:65465445-65470067	1	high	3	2	0	GGO:HOM;PAB:HOM;PPY:HOM
chr10:71066858-71067726	1	high	3	2	0	GGO:HOM;PAB:HOM;PPY:HOM
chr10:73657969-73660146	1	high	4	3	0	GGO:HOM;PAB:HOM;PPY:HOM;SSY:HOM
chr10:79542901-80217413	1	high	5	3	0	PAB:HOM;PPA:HOM;PPY:HOM;PTR:HOM;SSY:HOM
chr11:311836-317944	1	moderate	4	1	1	GGO:HOM;PPA:HOM;PPY:HET;PTR:HOM
chr11:1667460-1683267	1	moderate	4	1	0	GGO:HOM;PPA:HOM;PTR:HOM;SSY:HOM
chr11:4271709-4289557	1	moderate	2	2	0	PAB:HOM;PPY:HOM
chr11:18249084-18265819	1	high	3	3	0	PAB:HOM;PPY:HOM;SSY:HOM
chr11:24263179-24266246	1	moderate	2	2	0	PAB:HOM;PPY:HOM
chr11:48888300-48892127	1	moderate	2	2	0	PAB:HOM;PPY:HOM
chr11:49714144-49729098	1	moderate	3	2	1	GGO:HET;PAB:HOM;PPY:HOM
chr11:50154999-50324102	1	moderate	2	2	0	PAB:HOM;PPY:HOM
chr11:50364388-50425111	1	moderate	2	2	0	PAB:HOM;PPY:HOM
chr11:55662739-55666690	1	high	3	3	0	PAB:HOM;PPY:HOM;SSY:HOM
chr11:62093043-62102999	1	moderate	2	2	0	PAB:HOM;PPY:HOM
chr11:89920623-89923848	1	low	2	0	1	GGO:HOM;PTR:HET
chr12:46896694-46915975	1	low	3	0	0	GGO:HOM;PPA:HOM;PTR:HOM
chr12:131295603-131312193	1	low	1	1	0	PAB:HOM
chr12:131312081-131644839	1	low	2	2	1	PAB:HOM;SSY:HET
chr12:131333943-131623807	1	low	2	2	1	PAB:HOM;SSY:HET
chr13:37315207-37317760	1	low	1	1	0	SSY:HOM
chr13:48199250-48206639	1	low	1	1	0	SSY:HOM
chr13:52310302-52320954	1	moderate	4	1	1	GGO:HOM;PAB:HET;PPA:HOM;PTR:HOM
chr13:52344010-52502256	1	high	5	2	2	GGO:HOM;PAB:HET;PPA:HOM;PPY:HET;PTR:HOM
chr13:63727377-63820968	1	low	1	1	0	SSY:HOM
chr13:64598737-64616218	1	low	1	0	0	GGO:HOM
chr13:79823210-79839670	1	low	1	0	1	PTR:HET
chr14:18862645-19659006	1	moderate	3	2	1	GGO:HOM;PPY:HET;SSY:HOM
chr14:19726390-19956169	1	recurrent	2	2	2	PPY:HET;SSY:HET
chr14:34547864-34555230	1	low	2	1	1	GGO:HOM;SSY:HET
chr15:20336074-20392986	1	low	2	0	1	PPA:HET;PTR:HOM
chr15:20673518-20675754	1	low	2	0	1	PPA:HET;PTR:HOM
chr15:21242493-21362818	1	recurrent	3	0	2	GGO:HET;PPA:HET;PTR:HOM
chr15:22701127-23213881	1	low	3	0	1	GGO:HOM;PPA:HET;PTR:HOM
chr15:23295576-23318191	1	recurrent	3	1	2	PPA:HET;PPY:HET;PTR:HOM
chr15:23345459-28389868	1	high	6	3	2	GGO:HOM;PAB:HOM;PPA:HET;PPY:HOM;PTR:HOM;SSY:HET
chr15:28298424-28623514	1	high	3	2	0	PAB:HOM;PTR:HOM;SSY:HOM
chr15:28452496-28465083	1	moderate	3	2	1	PAB:HOM;PTR:HOM;SSY:HET
chr15:30436458-30529803	1	recurrent	3	3	2	PAB:HET;PPY:HOM;SSY:HET
chr15:30618103-32153204	1	low	2	1	1	GGO:HOM;SSY:HET
chr15:32477828-32571283	1	low	2	1	1	PTR:HOM;SSY:HET
chr15:45026828-45031545	1	low	1	1	0	SSY:HOM
chr15:82330918-82357797	1	low	1	0	1	GGO:HET
chr15:82360482-82515134	1	low	2	0	1	GGO:HET;PPA:HOM
chr16:1245200-1247503	1	low	2	0	1	PPA:HET;PTR:HOM
chr16:14907775-15028479	1	high	5	3	1	PAB:HOM;PPA:HOM;PPY:HOM;PTR:HOM;SSY:HET
chr16:14954790-15100859	1	high	5	3	1	PAB:HOM;PPA:HOM;PPY:HOM;PTR:HOM;SSY:HET
chr16:15115787-15116443	1	high	6	3	0	GGO:HOM;PAB:HOM;PPA:HOM;PPY:HOM;PTR:HOM;SSY:HOM
chr16:15384482-16276146	1	high	5	2	1	GGO:HOM;PAB:HOM;PPA:HOM;PPY:HOM;PTR:HET
chr16:16631735-16637867	1	recurrent	2	0	2	PPA:HET;PTR:HET
chr16:16721273-18073542	1	recurrent	5	2	4	GGO:HOM;PAB:HET;PPA:HET;PPY:HET;PTR:HET
chr16:18337348-18356673	1	recurrent	2	0	2	GGO:HET;PPA:HET
chr16:20506046-20521893	1	recurrent	3	3	2	PAB:HET;PPY:HET;SSY:HOM
chr16:21374580-21583510	1	moderate	3	1	1	PPA:HOM;PTR:HOM;SSY:HET
chr16:21583511-22432381	1	moderate	3	1	1	PPA:HOM;PTR:HOM;SSY:HET
chr16:22613939-22698804	1	low	2	0	0	PPA:HOM;PTR:HOM
chr16:28471892-28637651	1	high	6	3	0	GGO:HOM;PAB:HOM;PPA:HOM;PPY:HOM;PTR:HOM;SSY:HOM
chr16:28709344-28776487	1	high	5	2	1	GGO:HOM;PAB:HOM;PPA:HET;PPY:HOM;PTR:HOM
chr16:32364220-32528442	1	low	1	0	1	PPA:HET
chr16:32991171-33102750	1	low	1	0	0	PPA:HOM
chr16:34507814-34520859	1	low	1	0	1	PPA:HET
chr16:55798459-55831288	1	low	1	0	1	PTR:HET
chr16:70075643-70205976	1	low	1	0	1	GGO:HET
chr16:70149552-70162881	1	low	1	0	1	GGO:HET
chr16:75206214-75222748	1	high	6	3	0	GGO:HOM;PAB:HOM;PPA:HOM;PPY:HOM;PTR:HOM;SSY:HOM
chr16:85155339-85156001	1	low	1	1	0	SSY:HOM
chr17:3082008-3221835	1	low	1	0	0	PTR:HOM
chr17:16811812-16823489	1	moderate	3	1	1	PPA:HOM;PTR:HOM;SSY:HET
chr17:16823490-18384190	1	high	6	3	2	GGO:HOM;PAB:HET;PPA:HOM;PPY:HET;PTR:HOM;SSY:HOM
chr17:18622359-18823773	1	low	2	0	0	PPA:HOM;PTR:HOM
chr17:19240628-21558840	1	high	5	3	0	PAB:HOM;PPA:HOM;PPY:HOM;PTR:HOM;SSY:HOM
chr17:21305697-21480257	1	moderate	3	1	1	PPA:HOM;PTR:HOM;SSY:HET
chr17:30621881-30625589	1	high	5	2	1	GGO:HOM;PAB:HET;PPA:HOM;PPY:HOM;PTR:HOM
chr17:36109569-36223772	1	low	2	0	0	PPA:HOM;PTR:HOM
chr17:37415181-37415638	1	high	5	2	0	GGO:HOM;PAB:HOM;PPA:HOM;PPY:HOM;PTR:HOM
chr17:43232908-43321964	1	moderate	3	1	1	PPA:HOM;PTR:HOM;SSY:HET
chr17:43263148-43322883	1	low	2	0	0	PPA:HOM;PTR:HOM
chr17:45573556-45585158	1	low	2	0	0	PPA:HOM;PTR:HOM
chr17:45585159-46292045	1	high	6	3	1	GGO:HOM;PAB:HOM;PPA:HOM;PPY:HOM;PTR:HOM;SSY:HET
chr17:60035640-60110888	1	low	3	0	1	GGO:HET;PPA:HOM;PTR:HOM
chr17:76181937-76182932	1	low	1	1	0	SSY:HOM
chr18:12145103-12146503	1	high	6	3	0	GGO:HOM;PAB:HOM;PPA:HOM;PPY:HOM;PTR:HOM;SSY:HOM
chr18:29783947-29784342	1	recurrent	3	3	2	PAB:HOM;PPY:HET;SSY:HET
chr19:43365871-43369065	1	low	1	1	0	PPY:HOM
chr19:47959660-50091195	1	low	2	1	1	GGO:HET;SSY:HOM
chr2:87987171-111255403	1	high	6	3	1	GGO:HOM;PAB:HOM;PPA:HOM;PPY:HOM;PTR:HOM;SSY:HET
chr2:87995841-88180536	1	low	1	1	1	SSY:HET
chr2:88861564-88886160	1	low	1	1	1	SSY:HET
chr2:90060918-90216479	1	recurrent	3	1	2	GGO:HET;PPA:HOM;SSY:HET
chr2:90286375-90379428	1	recurrent	2	1	2	PTR:HET;SSY:HET
chr2:90379429-90402236	1	low	1	1	1	SSY:HET
chr2:91832040-92012663	1	low	1	1	1	SSY:HET
chr2:95496989-95579796	1	recurrent	3	1	2	GGO:HOM;PTR:HET;SSY:HET
chr2:95800191-96024403	1	moderate	4	1	2	GGO:HOM;PPA:HOM;PTR:HET;SSY:HET
chr2:97168744-97170236	1	high	4	3	1	GGO:HOM;PAB:HOM;PPY:HOM;SSY:HET
chr2:97348052-97360454	1	high	4	3	1	GGO:HOM;PAB:HOM;PPY:HOM;SSY:HET
chr2:108527821-109733036	1	high	6	3	1	GGO:HOM;PAB:HOM;PPA:HOM;PPY:HOM;PTR:HOM;SSY:HET
chr2:110095177-110276210	1	high	4	3	1	GGO:HOM;PAB:HOM;PPY:HOM;SSY:HET
chr2:123021127-123054324	1	high	4	3	0	PAB:HOM;PPA:HOM;PPY:HOM;SSY:HOM
chr2:130138212-131200602	1	high	6	3	0	GGO:HOM;PAB:HOM;PPA:HOM;PPY:HOM;PTR:HOM;SSY:HOM
chr2:130138212-131530534	1	high	6	3	0	GGO:HOM;PAB:HOM;PPA:HOM;PPY:HOM;PTR:HOM;SSY:HOM
chr2:138247429-138251774	1	low	1	0	0	PPA:HOM
chr2:240685789-240688966	1	low	3	0	1	GGO:HET;PPA:HOM;PTR:HOM
chr20:25846148-26009643	1	recurrent	2	0	2	PPA:HET;PTR:HET
chr20:47841016-47888238	1	moderate	3	2	1	GGO:HOM;PAB:HET;PPY:HOM
chr21:19877734-20070170	1	low	1	1	1	SSY:HET
chr21:26001836-26002391	1	low	1	1	1	SSY:HET
chr21:26648368-26649407	1	low	1	1	1	SSY:HET
chr22:12636517-12815682	1	low	2	0	1	GGO:HOM;PTR:HET
chr22:21201771-21280466	1	high	3	2	0	GGO:HOM;PAB:HOM;PPY:HOM
chr22:21443089-21491761	1	high	4	2	1	GGO:HOM;PAB:HOM;PPY:HOM;PTR:HET
chr22:23969582-23971740	1	moderate	2	2	0	PAB:HOM;PPY:HOM
chr3:26316193-26317447	1	high	3	3	0	PAB:HOM;PPY:HOM;SSY:HOM
chr3:28417060-28417483	1	high	3	3	0	PAB:HOM;PPY:HOM;SSY:HOM
chr3:75454477-75455715	1	high	3	3	0	PAB:HOM;PPY:HOM;SSY:HOM
chr3:162827574-162829855	1	low	1	1	0	SSY:HOM
chr3:195680054-195724206	1	recurrent	2	0	2	PPA:HET;PTR:HET
chr4:49284664-49291017	1	low	2	0	0	PPA:HOM;PTR:HOM
chr4:49291019-49325004	1	low	2	0	0	PPA:HOM;PTR:HOM
chr4:68826254-68849811	1	low	3	0	0	GGO:HOM;PPA:HOM;PTR:HOM
chr5:21479305-21500726	1	low	2	0	0	PPA:HOM;PTR:HOM
chr5:70527773-70533912	1	high	5	2	0	GGO:HOM;PAB:HOM;PPA:HOM;PPY:HOM;PTR:HOM
chr5:71009586-71093997	1	low	2	0	0	PPA:HOM;PTR:HOM
chr5:177946129-178003952	1	low	1	0	1	PPA:HET
chr5:179643529-179651253	1	high	4	2	1	GGO:HOM;PAB:HET;PPY:HOM;PTR:HOM
chr6:26736772-26739621	1	low	3	0	1	GGO:HET;PPA:HOM;PTR:HOM
chr6:26738710-26763097	1	low	3	0	1	GGO:HET;PPA:HOM;PTR:HOM
chr6:26760606-26762818	1	low	3	0	1	GGO:HET;PPA:HOM;PTR:HOM
chr6:167209001-167357782	1	moderate	4	3	2	PAB:HET;PPA:HOM;PPY:HET;SSY:HOM
chr7:5989046-6735643	1	low	3	0	1	GGO:HOM;PPA:HOM;PTR:HET
chr7:33990735-34010143	1	moderate	2	2	0	PAB:HOM;PPY:HOM
chr7:40839776-40840871	1	high	5	2	0	GGO:HOM;PAB:HOM;PPA:HOM;PPY:HOM;PTR:HOM
chr7:47614508-47615262	1	moderate	2	2	0	PAB:HOM;PPY:HOM
chr7:54234014-54308393	1	moderate	2	2	0	PAB:HOM;PPY:HOM
chr7:57486117-57496696	1	moderate	2	2	0	PAB:HOM;PPY:HOM
chr7:57641572-57838971	1	moderate	2	2	0	PAB:HOM;PPY:HOM
chr7:60898864-60908951	1	moderate	3	2	1	GGO:HET;PAB:HOM;PPY:HOM
chr7:61714723-61782364	1	moderate	3	2	1	PAB:HOM;PPA:HET;PPY:HOM
chr7:62144125-62285305	1	moderate	2	2	0	PAB:HOM;PPY:HOM
chr7:62290674-62363143	1	moderate	2	2	0	PAB:HOM;PPY:HOM
chr7:62373327-62390982	1	moderate	2	2	0	PAB:HOM;PPY:HOM
chr7:63356275-63388165	1	moderate	4	2	2	PAB:HOM;PPA:HET;PPY:HOM;PTR:HET
chr7:63729711-63844058	1	moderate	2	2	0	PAB:HOM;PPY:HOM
chr7:65219157-65531823	1	high	4	2	0	PAB:HOM;PPA:HOM;PPY:HOM;PTR:HOM
chr7:65572704-65581644	1	high	4	2	0	PAB:HOM;PPA:HOM;PPY:HOM;PTR:HOM
chr7:65793712-65822478	1	moderate	2	2	0	PAB:HOM;PPY:HOM
chr7:67019303-67020338	1	moderate	2	2	0	PAB:HOM;PPY:HOM
chr7:70961198-70973901	1	high	6	3	0	GGO:HOM;PAB:HOM;PPA:HOM;PPY:HOM;PTR:HOM;SSY:HOM
chr7:73113989-74799029	1	high	4	2	0	PAB:HOM;PPA:HOM;PPY:HOM;PTR:HOM
chr7:74869950-75058098	1	high	6	3	1	GGO:HOM;PAB:HOM;PPA:HOM;PPY:HOM;PTR:HOM;SSY:HET
chr7:76603963-76620409	1	low	2	0	0	PPA:HOM;PTR:HOM
chr7:97445822-97459601	1	high	4	3	1	GGO:HOM;PAB:HOM;PPY:HOM;SSY:HET
chr7:143716562-143750998	1	high	6	3	0	GGO:HOM;PAB:HOM;PPA:HOM;PPY:HOM;PTR:HOM;SSY:HOM
chr7:143779394-143798726	1	moderate	2	2	0	PAB:HOM;PPY:HOM
chr7:143808752-143818413	1	moderate	2	2	0	PAB:HOM;PPY:HOM
chr7:144254564-144256766	1	high	6	3	0	GGO:HOM;PAB:HOM;PPA:HOM;PPY:HOM;PTR:HOM;SSY:HOM
chr8:2343351-2378385	1	moderate	3	2	1	PAB:HET;PPY:HOM;PTR:HOM
chr8:7301024-12598379	1	high	5	3	2	PAB:HET;PPA:HOM;PPY:HET;PTR:HOM;SSY:HOM
chr8:43237792-43241899	1	low	1	0	0	GGO:HOM
chr8:85728658-85741892	1	low	1	0	1	PTR:HET
chr8:85741974-85762792	1	low	1	0	1	PTR:HET
chr8:85769984-85821716	1	low	1	0	1	PPA:HET
chr9:12004038-12074552	1	high	3	2	0	GGO:HOM;PAB:HOM;PPY:HOM
chr9:30952354-30956484	1	high	4	3	0	GGO:HOM;PAB:HOM;PPY:HOM;SSY:HOM
chr9:38773640-42796744	1	high	5	2	1	GGO:HOM;PAB:HOM;PPA:HET;PPY:HOM;PTR:HOM
chr9:64028785-64068456	1	low	2	0	0	PPA:HOM;PTR:HOM
chr9:85797070-85801040	1	low	2	0	0	PPA:HOM;PTR:HOM
chr9:91958957-91959591	1	moderate	2	2	0	PAB:HOM;PPY:HOM
chr9:113111686-113112886	1	low	1	0	0	PTR:HOM
chrX:51692963-51700363	1	low	1	0	1	PPA:HET
chrX:52077120-52176974	1	recurrent	2	0	2	PPA:HET;PTR:HET
chrX:52921572-52934581	1	recurrent	2	0	2	GGO:HET;PPA:HET
chrX:63185600-63193343	1	low	1	0	1	PPA:HET
chrX:72997772-73077479	1	low	1	0	1	PTR:HET
chrX:120087101-120149199	1	recurrent	3	0	3	GGO:HET;PPA:HET;PTR:HET
chrX:135165183-135207322	1	recurrent	2	0	2	GGO:HET;PPA:HET
chrX:135734732-135748584	1	low	1	0	1	GGO:HET
chrX:135765135-135776630	1	low	1	0	1	GGO:HET
chrX:135765867-135794758	1	low	1	0	1	GGO:HET
chrX:141110160-141232877	1	low	1	1	1	SSY:HET
chrX:149599490-149655967	1	recurrent	4	2	4	GGO:HET;PAB:HET;PPY:HET;PTR:HET
chrX:149681035-149722249	1	recurrent	2	0	2	GGO:HET;PTR:HET
chrX:149747302-149768782	1	low	1	0	1	PTR:HET
chrX:152729753-152738707	1	recurrent	2	0	2	GGO:HET;PPA:HET
chrX:153149748-153250226	1	recurrent	2	0	2	GGO:HET;PTR:HET
chrX:154347246-154384867	1	recurrent	3	0	3	GGO:HET;PPA:HET;PTR:HET
chrX:154591327-154613096	1	recurrent	2	0	2	GGO:HET;PTR:HET
chrX:155386727-155453982	1	recurrent	3	2	3	PAB:HET;PPY:HET;PTR:HET
chrY:6452942-9763793	1	recurrent	2	0	2	GGO:HET;PPA:HET
chrY:14019657-14023071	1	recurrent	2	0	2	PPA:HET;PTR:HET
chrY:15883580-15896218	1	recurrent	2	0	2	PPA:HET;PTR:HET
chrY:16269646-16315779	1	recurrent	2	0	2	PPA:HET;PTR:HET
chrY:22204071-22384088	1	low	1	0	1	GGO:HET
chrY:22207318-22325285	1	recurrent	5	2	5	GGO:HET;PAB:HET;PPA:HET;PPY:HET;PTR:HET
chrY:23208202-23210340	1	low	1	0	1	GGO:HET
