region	gene	status	bm_p_value	bm_q_value	bm_lrt_stat	bm_omega_inverted	bm_omega_direct	bm_omega_background	bm_kappa	bm_lnl_h1	bm_lnl_h0	cmc_p_value	cmc_q_value	cmc_lrt_stat	cmc_p0	cmc_p1	cmc_p2	cmc_omega0	cmc_omega2_direct	cmc_omega2_inverted	cmc_kappa	cmc_lnl_h1	cmc_lnl_h0	n_leaves_region	n_leaves_gene	n_leaves_pruned	chimp_in_region	chimp_in_pruned	taxa_used	reason	h0_s1_def_init_kappa	h0_s1_def_init_omega	h0_s1_def_key	h0_s1_def_lnl	h0_s1_def_status	h0_s2_pur_init_kappa	h0_s2_pur_init_omega	h0_s2_pur_key	h0_s2_pur_lnl	h0_s2_pur_status	h0_s3_pos_init_kappa	h0_s3_pos_init_omega	h0_s3_pos_key	h0_s3_pos_lnl	h0_s3_pos_status	h0_s4_mix_init_kappa	h0_s4_mix_init_omega	h0_s4_mix_key	h0_s4_mix_lnl	h0_s4_mix_status	h1_s1_def_cmc_kappa	h1_s1_def_cmc_omega0	h1_s1_def_cmc_omega2_direct	h1_s1_def_cmc_omega2_inverted	h1_s1_def_cmc_p0	h1_s1_def_cmc_p1	h1_s1_def_cmc_p2	h1_s1_def_init_kappa	h1_s1_def_init_omega	h1_s1_def_key	h1_s1_def_lnl	h1_s1_def_status	h1_s2_pur_cmc_kappa	h1_s2_pur_cmc_omega0	h1_s2_pur_cmc_omega2_direct	h1_s2_pur_cmc_omega2_inverted	h1_s2_pur_cmc_p0	h1_s2_pur_cmc_p1	h1_s2_pur_cmc_p2	h1_s2_pur_init_kappa	h1_s2_pur_init_omega	h1_s2_pur_key	h1_s2_pur_lnl	h1_s2_pur_status	h1_s3_pos_cmc_kappa	h1_s3_pos_cmc_omega0	h1_s3_pos_cmc_omega2_direct	h1_s3_pos_cmc_omega2_inverted	h1_s3_pos_cmc_p0	h1_s3_pos_cmc_p1	h1_s3_pos_cmc_p2	h1_s3_pos_init_kappa	h1_s3_pos_init_omega	h1_s3_pos_key	h1_s3_pos_lnl	h1_s3_pos_status	h1_s4_mix_cmc_kappa	h1_s4_mix_cmc_omega0	h1_s4_mix_cmc_omega2_direct	h1_s4_mix_cmc_omega2_inverted	h1_s4_mix_cmc_p0	h1_s4_mix_cmc_p1	h1_s4_mix_cmc_p2	h1_s4_mix_init_kappa	h1_s4_mix_init_omega	h1_s4_mix_key	h1_s4_mix_lnl	h1_s4_mix_status	cmc_h0_key	cmc_h1_key	h0_winner_seed	h1_winner_seed
chr8_7301024_12598379	BLK_ENST00000259089.9	success										0.00672015	0.0582413	7.34628	0.99787	0	0.00213	0.06622	156.114	0.0001	13.0429	-2256.02	-2259.69	83	83	83	True	True	0AFR_ACB_HG02011_L;0AFR_MSL_HG03065_R;0AFR_ESN_HG03371_L;0AFR_GWD_HG02818_R;0AFR_GWD_HG02587_L;0AFR_ESN_HG03125_L;0AFR_MSL_HG03065_L;0AFR_LWK_NA19036_L;1AFR_ESN_HG03371_R;1AFR_ESN_HG03125_R;1AFR_YRI_NA19239_R;1AFR_LWK_NA19434_L;1AFR_ACB_HG02011_R;1AFR_YRI_NA19239_L;1AFR_GWD_HG02818_L;1AFR_ASW_NA19983_L;1AFR_LWK_NA19036_R;0AMR_CLM_HG01352_L;1SAS_ITU_HG03732_R;1SAS_ITU_HG03732_L;0EUR_GBR_HG00096_R;1EUR_CEU_NA12878_R;1EUR_FIN_HG00171_R;1AMR_CLM_HG01114_R;1AMR_PEL_HG01573_R;1EUR_AKJ_NA24385_L;1EUR_FIN_HG00268_L;1AMR_PUR_HG00732_L;1AMR_MXL_NA19650_L;1AMR_PUR_HG00731_L;1EUR_FIN_HG00268_R;1AMR_MXL_NA19650_R;1EUR_CEU_NA12878_L;1EUR_TSI_NA20509_R;1AMR_PUR_HG00731_R;0EUR_IBS_HG01505_R;1EUR_FIN_HG00171_L;1SAS_BEB_HG03009_L;1EUR_CEU_NA12329_L;1AFR_ASW_NA19983_R;1SAS_ITU_HG04217_R;1SAS_BEB_HG03009_R;1SAS_PJL_HG02492_R;1AFR_LWK_NA19434_R;1AFR_YRI_NA19238_L;1AFR_MSL_HG03486_L;1AFR_YRI_NA19238_R;1AFR_MSL_HG03486_R;0AFR_GWD_HG02587_R;1EAS_JPT_NA18939_R;0AMR_CLM_HG01114_L;0EAS_CDX_HG00864_L;0AMR_PEL_HG02106_L;0SAS_GIH_NA20847_L;0SAS_STU_HG03683_R;1EAS_CHS_HG00513_R;0AMR_PEL_HG01573_L;0AMR_PEL_HG02106_R;0EUR_TSI_NA20509_L;0SAS_STU_HG03683_L;0EAS_CDX_HG00864_R;0EAS_CHB_NA18534_L;0EAS_CHS_HG00512_R;0EAS_CHS_HG00512_L;0EUR_CEU_NA12329_R;0EAS_KHV_HG02059_R;1EUR_GBR_HG00096_L;0EAS_JPT_NA18939_L;0SAS_PJL_HG02492_L;0EAS_KHV_HG01596_L;0SAS_GIH_NA20847_R;0EAS_CHB_NA18534_R;0EAS_KHV_HG02018_L;1AMR_CLM_HG01352_R;0EAS_KHV_HG01596_R;0EAS_KHV_HG02018_R;0AMR_PUR_HG00732_R;0EUR_IBS_HG01505_L;0EAS_KHV_HG02059_L;0SAS_ITU_HG04217_L;0EAS_CHS_HG00513_L;0EUR_AKJ_NA24385_R;PanTro6		2	0.4	c2e08710d816239490a20d810b2519a47debc40122766466e5baf3addd634dac	-2262.15	success	1	0.05	1d64aa47a952d1ebd1bfc6d9fa466ff0056c1cf04c6bf54d3a789b769032c9ff	-2260.02	success	3	2.5	ca28fdde43010ee3b42db1be379fd3521f5e9eae60590f590554c606ef98b8fc	-2259.69	success	5	0.8	77fc68f5e6cbf7ef64b97e87c6244b824545ece9cb382cf99262907078fddb67	-2260.13	success	12.6855	0	0	0.00974	0	0.03693	0.96306	2	0.4	fb5448d3f6f7b6098b5d09c18d5b1ccedc226ef08692119f63eeac00b0cb3bf6	-2263.99	success	12.3676	0	0	0.01382	0	0.03757	0.96243	1	0.05	95d4394c987487c540fd62d85d422ec842d46ad211f2006b94a6c08836736626	-2261.05	success	13.0429	0.06622	156.114	0.0001	0.99787	0	0.00213	3	2.5	efd2d3e2033b5fa26501a1fe7296d768ee267a213277df6bd910f23e97aa3a28	-2256.02	success	13.0426	0.06623	156.157	0.0001	0.99787	0	0.00213	5	0.8	a637362c44bb0a948649d37bc89149671e93279c08155e12e20e7b56ac879c4f	-2258.14	success	ca28fdde43010ee3b42db1be379fd3521f5e9eae60590f590554c606ef98b8fc	efd2d3e2033b5fa26501a1fe7296d768ee267a213277df6bd910f23e97aa3a28	s3_pos	s3_pos
chr8_7301024_12598379	CLDN23_ENST00000519106.2	partial_success													0.98919	0	0.01081	0.04571	62.5064	84.0426	12.6977	-1249.35	-1248.67	83	83	83	True	True	0AFR_ACB_HG02011_L;0AFR_MSL_HG03065_R;0AFR_ESN_HG03371_L;0AFR_GWD_HG02818_R;0AFR_GWD_HG02587_L;0AFR_ESN_HG03125_L;0AFR_MSL_HG03065_L;0AFR_LWK_NA19036_L;1AFR_ESN_HG03371_R;1AFR_ESN_HG03125_R;1AFR_YRI_NA19239_R;1AFR_LWK_NA19434_L;1AFR_ACB_HG02011_R;1AFR_YRI_NA19239_L;1AFR_GWD_HG02818_L;1AFR_ASW_NA19983_L;1AFR_LWK_NA19036_R;0AMR_CLM_HG01352_L;1SAS_ITU_HG03732_R;1SAS_ITU_HG03732_L;0EUR_GBR_HG00096_R;1EUR_CEU_NA12878_R;1EUR_FIN_HG00171_R;1AMR_CLM_HG01114_R;1AMR_PEL_HG01573_R;1EUR_AKJ_NA24385_L;1EUR_FIN_HG00268_L;1AMR_PUR_HG00732_L;1AMR_MXL_NA19650_L;1AMR_PUR_HG00731_L;1EUR_FIN_HG00268_R;1AMR_MXL_NA19650_R;1EUR_CEU_NA12878_L;1EUR_TSI_NA20509_R;1AMR_PUR_HG00731_R;0EUR_IBS_HG01505_R;1EUR_FIN_HG00171_L;1SAS_BEB_HG03009_L;1EUR_CEU_NA12329_L;1AFR_ASW_NA19983_R;1SAS_ITU_HG04217_R;1SAS_BEB_HG03009_R;1SAS_PJL_HG02492_R;1AFR_LWK_NA19434_R;1AFR_YRI_NA19238_L;1AFR_MSL_HG03486_L;1AFR_YRI_NA19238_R;1AFR_MSL_HG03486_R;0AFR_GWD_HG02587_R;1EAS_JPT_NA18939_R;0AMR_CLM_HG01114_L;0EAS_CDX_HG00864_L;0AMR_PEL_HG02106_L;0SAS_GIH_NA20847_L;0SAS_STU_HG03683_R;1EAS_CHS_HG00513_R;0AMR_PEL_HG01573_L;0AMR_PEL_HG02106_R;0EUR_TSI_NA20509_L;0SAS_STU_HG03683_L;0EAS_CDX_HG00864_R;0EAS_CHB_NA18534_L;0EAS_CHS_HG00512_R;0EAS_CHS_HG00512_L;0EUR_CEU_NA12329_R;0EAS_KHV_HG02059_R;1EUR_GBR_HG00096_L;0EAS_JPT_NA18939_L;0SAS_PJL_HG02492_L;0EAS_KHV_HG01596_L;0SAS_GIH_NA20847_R;0EAS_CHB_NA18534_R;0EAS_KHV_HG02018_L;1AMR_CLM_HG01352_R;0EAS_KHV_HG01596_R;0EAS_KHV_HG02018_R;0AMR_PUR_HG00732_R;0EUR_IBS_HG01505_L;0EAS_KHV_HG02059_L;0SAS_ITU_HG04217_L;0EAS_CHS_HG00513_L;0EUR_AKJ_NA24385_R;PanTro6	Optimization failure: H1 < H0 (diff=-0.6834)	2	0.4	a6fa0170ae0b61425e88f53144fe552d9b6e52da2538a73df7766eafd1101164	-1248.67	success	1	0.05	1297cdeba439950deae213f36d2b7296c6ace5aecc559eb0e70a02865e57113a	-1289.14	success	3	2.5	7b8144ada8b9c09f317f42995ef195faddf467d6ec1bf31591a51cb4e1134b51	-1249.4	success	5	0.8	6598fbc0c6975cc92f86e7bd491cf673b180ff6d9dd22add5aee208bf999d2a9	-1249.4	success	12.6977	0.04571	62.506	84.039	0.98919	0	0.01081	2	0.4	917bb8afe95d3a358a06204dfefab5945d297036a3ea200abc8aade556f133a1	-1250.09	success	14.0559	0	0	0.0001	0.0463	0.02255	0.93115	1	0.05	d5d1a025b5184ddfd5bbe726701827623f2695a9e4ea0236420753b6bfdb0d41	-1287.46	success	12.6977	0.04571	62.5064	84.0426	0.98919	0	0.01081	3	2.5	8780cb946fe0a54d0b52e5f5f02b2f07f31660166104938f995d39fd2635e7b7	-1249.35	success	12.6976	0.04571	62.5078	84.0434	0.98919	0	0.01081	5	0.8	1cdd9893245cbbfead099d40df1c8f05144127c1644a881087dc4b55f5673c1f	-1249.36	success	a6fa0170ae0b61425e88f53144fe552d9b6e52da2538a73df7766eafd1101164	8780cb946fe0a54d0b52e5f5f02b2f07f31660166104938f995d39fd2635e7b7	s1_def	s3_pos
chr8_7301024_12598379	DEFB103A_ENST00000314357.4	partial_success													1	0	0	0.37512	0.14725	0.33394	1.57949	-284.471	-284.471	83	83	83	True	True	0AFR_ACB_HG02011_L;0AFR_MSL_HG03065_R;0AFR_ESN_HG03371_L;0AFR_GWD_HG02818_R;0AFR_GWD_HG02587_L;0AFR_ESN_HG03125_L;0AFR_MSL_HG03065_L;0AFR_LWK_NA19036_L;1AFR_ESN_HG03371_R;1AFR_ESN_HG03125_R;1AFR_YRI_NA19239_R;1AFR_LWK_NA19434_L;1AFR_ACB_HG02011_R;1AFR_YRI_NA19239_L;1AFR_GWD_HG02818_L;1AFR_ASW_NA19983_L;1AFR_LWK_NA19036_R;0AMR_CLM_HG01352_L;1SAS_ITU_HG03732_R;1SAS_ITU_HG03732_L;0EUR_GBR_HG00096_R;1EUR_CEU_NA12878_R;1EUR_FIN_HG00171_R;1AMR_CLM_HG01114_R;1AMR_PEL_HG01573_R;1EUR_AKJ_NA24385_L;1EUR_FIN_HG00268_L;1AMR_PUR_HG00732_L;1AMR_MXL_NA19650_L;1AMR_PUR_HG00731_L;1EUR_FIN_HG00268_R;1AMR_MXL_NA19650_R;1EUR_CEU_NA12878_L;1EUR_TSI_NA20509_R;1AMR_PUR_HG00731_R;0EUR_IBS_HG01505_R;1EUR_FIN_HG00171_L;1SAS_BEB_HG03009_L;1EUR_CEU_NA12329_L;1AFR_ASW_NA19983_R;1SAS_ITU_HG04217_R;1SAS_BEB_HG03009_R;1SAS_PJL_HG02492_R;1AFR_LWK_NA19434_R;1AFR_YRI_NA19238_L;1AFR_MSL_HG03486_L;1AFR_YRI_NA19238_R;1AFR_MSL_HG03486_R;0AFR_GWD_HG02587_R;1EAS_JPT_NA18939_R;0AMR_CLM_HG01114_L;0EAS_CDX_HG00864_L;0AMR_PEL_HG02106_L;0SAS_GIH_NA20847_L;0SAS_STU_HG03683_R;1EAS_CHS_HG00513_R;0AMR_PEL_HG01573_L;0AMR_PEL_HG02106_R;0EUR_TSI_NA20509_L;0SAS_STU_HG03683_L;0EAS_CDX_HG00864_R;0EAS_CHB_NA18534_L;0EAS_CHS_HG00512_R;0EAS_CHS_HG00512_L;0EUR_CEU_NA12329_R;0EAS_KHV_HG02059_R;1EUR_GBR_HG00096_L;0EAS_JPT_NA18939_L;0SAS_PJL_HG02492_L;0EAS_KHV_HG01596_L;0SAS_GIH_NA20847_R;0EAS_CHB_NA18534_R;0EAS_KHV_HG02018_L;1AMR_CLM_HG01352_R;0EAS_KHV_HG01596_R;0EAS_KHV_HG02018_R;0AMR_PUR_HG00732_R;0EUR_IBS_HG01505_L;0EAS_KHV_HG02059_L;0SAS_ITU_HG04217_L;0EAS_CHS_HG00513_L;0EUR_AKJ_NA24385_R;PanTro6	Optimization failure: H1 < H0 (diff=-0.000364)	2	0.4	7a86207fbd672a9385967d90b3045faf6969f12168134a29c568f55966f3bd2d	-284.471	success	1	0.05	6bb8972da8fa8a34c9f012a9e2fb06f9b3a3e8c40b091013b5250c0d77871d77	-284.471	success	3	2.5	a792c664ebb9472510791774b01241d98ba51ca52b9bf190f593c34a21376427	-284.471	success	5	0.8	194f478903ec87d46f2ecd75dbcc2cf275b8591a803592466b8fdf67890a64fe	-284.471	success	1.57949	0.37512	0.14725	0.33394	1	0	0	2	0.4	3cbea47078a632b3988bb8c8b0966c1940e59a9fd07d7165a3a676383199edf5	-284.471	success	1.57947	0.37512	0	0.0001	1	0	0	1	0.05	04ce93a92c586b3f27a4bc847d17c9b7dacb7d5496f09c99b1eadaf5387d861d	-284.471	success	1.57948	0.37512	2.59657	4.22546	0.99984	1e-05	0.00014	3	2.5	d6fce0be9268a04844b7a38642b0dae2c8bcf475f31d3ef3dcd8a927cc23440e	-284.471	success	1.57949	0.37512	0.52632	0.65031	1	0	0	5	0.8	6384ad20bde044073ea16ba38fb3acae51044d1b27211827ec2381091380ac10	-284.471	success	a792c664ebb9472510791774b01241d98ba51ca52b9bf190f593c34a21376427	3cbea47078a632b3988bb8c8b0966c1940e59a9fd07d7165a3a676383199edf5	s3_pos	s1_def
chr8_7301024_12598379	DEFB104A_ENST00000314265.3	partial_success																																																																																																				
chr8_7301024_12598379	DEFB105B_ENST00000335510.7	success										1	1	0	0	0	1	0	999	999	5.59002	-332.966	-332.966	83	83	83	True	True	0AFR_ACB_HG02011_L;0AFR_MSL_HG03065_R;0AFR_ESN_HG03371_L;0AFR_GWD_HG02818_R;0AFR_GWD_HG02587_L;0AFR_ESN_HG03125_L;0AFR_MSL_HG03065_L;0AFR_LWK_NA19036_L;1AFR_ESN_HG03371_R;1AFR_ESN_HG03125_R;1AFR_YRI_NA19239_R;1AFR_LWK_NA19434_L;1AFR_ACB_HG02011_R;1AFR_YRI_NA19239_L;1AFR_GWD_HG02818_L;1AFR_ASW_NA19983_L;1AFR_LWK_NA19036_R;0AMR_CLM_HG01352_L;1SAS_ITU_HG03732_R;1SAS_ITU_HG03732_L;0EUR_GBR_HG00096_R;1EUR_CEU_NA12878_R;1EUR_FIN_HG00171_R;1AMR_CLM_HG01114_R;1AMR_PEL_HG01573_R;1EUR_AKJ_NA24385_L;1EUR_FIN_HG00268_L;1AMR_PUR_HG00732_L;1AMR_MXL_NA19650_L;1AMR_PUR_HG00731_L;1EUR_FIN_HG00268_R;1AMR_MXL_NA19650_R;1EUR_CEU_NA12878_L;1EUR_TSI_NA20509_R;1AMR_PUR_HG00731_R;0EUR_IBS_HG01505_R;1EUR_FIN_HG00171_L;1SAS_BEB_HG03009_L;1EUR_CEU_NA12329_L;1AFR_ASW_NA19983_R;1SAS_ITU_HG04217_R;1SAS_BEB_HG03009_R;1SAS_PJL_HG02492_R;1AFR_LWK_NA19434_R;1AFR_YRI_NA19238_L;1AFR_MSL_HG03486_L;1AFR_YRI_NA19238_R;1AFR_MSL_HG03486_R;0AFR_GWD_HG02587_R;1EAS_JPT_NA18939_R;0AMR_CLM_HG01114_L;0EAS_CDX_HG00864_L;0AMR_PEL_HG02106_L;0SAS_GIH_NA20847_L;0SAS_STU_HG03683_R;1EAS_CHS_HG00513_R;0AMR_PEL_HG01573_L;0AMR_PEL_HG02106_R;0EUR_TSI_NA20509_L;0SAS_STU_HG03683_L;0EAS_CDX_HG00864_R;0EAS_CHB_NA18534_L;0EAS_CHS_HG00512_R;0EAS_CHS_HG00512_L;0EUR_CEU_NA12329_R;0EAS_KHV_HG02059_R;1EUR_GBR_HG00096_L;0EAS_JPT_NA18939_L;0SAS_PJL_HG02492_L;0EAS_KHV_HG01596_L;0SAS_GIH_NA20847_R;0EAS_CHB_NA18534_R;0EAS_KHV_HG02018_L;1AMR_CLM_HG01352_R;0EAS_KHV_HG01596_R;0EAS_KHV_HG02018_R;0AMR_PUR_HG00732_R;0EUR_IBS_HG01505_L;0EAS_KHV_HG02059_L;0SAS_ITU_HG04217_L;0EAS_CHS_HG00513_L;0EUR_AKJ_NA24385_R;PanTro6		2	0.4	6163e5b9f53ab294e3687757fd8fa8c67c0a58fe716c373df7b6b0c83efe1a18	-332.966	success	1	0.05	47542a466ee1d134bb0ac47d270a7c4825d3021685a2dbe0342420a8d0e22da9	-332.966	success	3	2.5	6d98edde3f9cc242476265400d173da22f2f89f1379c0484af4720d677152e79	-332.966	success	5	0.8	a88dc6ef2bbb7f77b04478336e2b8a2a708df61c8430952bd6504f23bca388bb	-332.966	success	3.98844	0	32.6785	0.473	0	1	0	2	0.4	4febd8effeac08e59c96b5bc9b29bf6ddd9035cd2836e08fb328c10667398f92	-334.042	success	5.5773	1	0	0.0001	0	0	1	1	0.05	415edbc4ad89e142bcd8511bff70856a2b7b05d957bb219541bbb8aee9b2dee4	-332.966	success	5.59011	1	973.16	999	0	0	1	3	2.5	14c7ada45d166f2ebdc41a38c13591f7bbb55a3d63e9737ab7fc5e587bb9d709	-332.966	success	5.59002	0	999	999	0	0	1	5	0.8	1a05a609227bc494ebbd739a96bf736cd537349c8ffa00114af1a34b557b8d2e	-332.966	success	47542a466ee1d134bb0ac47d270a7c4825d3021685a2dbe0342420a8d0e22da9	1a05a609227bc494ebbd739a96bf736cd537349c8ffa00114af1a34b557b8d2e	s2_pur	s4_mix
chr8_7301024_12598379	DEFB106A_ENST00000335186.3	partial_success																																																																																																				
chr8_7301024_12598379	DEFB107B_ENST00000355602.3	partial_success													0	0	1	0	0	0.0001	1.1055	-296.004	-296.004	83	83	83	True	True	0AFR_ACB_HG02011_L;0AFR_MSL_HG03065_R;0AFR_ESN_HG03371_L;0AFR_GWD_HG02818_R;0AFR_GWD_HG02587_L;0AFR_ESN_HG03125_L;0AFR_MSL_HG03065_L;0AFR_LWK_NA19036_L;1AFR_ESN_HG03371_R;1AFR_ESN_HG03125_R;1AFR_YRI_NA19239_R;1AFR_LWK_NA19434_L;1AFR_ACB_HG02011_R;1AFR_YRI_NA19239_L;1AFR_GWD_HG02818_L;1AFR_ASW_NA19983_L;1AFR_LWK_NA19036_R;0AMR_CLM_HG01352_L;1SAS_ITU_HG03732_R;1SAS_ITU_HG03732_L;0EUR_GBR_HG00096_R;1EUR_CEU_NA12878_R;1EUR_FIN_HG00171_R;1AMR_CLM_HG01114_R;1AMR_PEL_HG01573_R;1EUR_AKJ_NA24385_L;1EUR_FIN_HG00268_L;1AMR_PUR_HG00732_L;1AMR_MXL_NA19650_L;1AMR_PUR_HG00731_L;1EUR_FIN_HG00268_R;1AMR_MXL_NA19650_R;1EUR_CEU_NA12878_L;1EUR_TSI_NA20509_R;1AMR_PUR_HG00731_R;0EUR_IBS_HG01505_R;1EUR_FIN_HG00171_L;1SAS_BEB_HG03009_L;1EUR_CEU_NA12329_L;1AFR_ASW_NA19983_R;1SAS_ITU_HG04217_R;1SAS_BEB_HG03009_R;1SAS_PJL_HG02492_R;1AFR_LWK_NA19434_R;1AFR_YRI_NA19238_L;1AFR_MSL_HG03486_L;1AFR_YRI_NA19238_R;1AFR_MSL_HG03486_R;0AFR_GWD_HG02587_R;1EAS_JPT_NA18939_R;0AMR_CLM_HG01114_L;0EAS_CDX_HG00864_L;0AMR_PEL_HG02106_L;0SAS_GIH_NA20847_L;0SAS_STU_HG03683_R;1EAS_CHS_HG00513_R;0AMR_PEL_HG01573_L;0AMR_PEL_HG02106_R;0EUR_TSI_NA20509_L;0SAS_STU_HG03683_L;0EAS_CDX_HG00864_R;0EAS_CHB_NA18534_L;0EAS_CHS_HG00512_R;0EAS_CHS_HG00512_L;0EUR_CEU_NA12329_R;0EAS_KHV_HG02059_R;1EUR_GBR_HG00096_L;0EAS_JPT_NA18939_L;0SAS_PJL_HG02492_L;0EAS_KHV_HG01596_L;0SAS_GIH_NA20847_R;0EAS_CHB_NA18534_R;0EAS_KHV_HG02018_L;1AMR_CLM_HG01352_R;0EAS_KHV_HG01596_R;0EAS_KHV_HG02018_R;0AMR_PUR_HG00732_R;0EUR_IBS_HG01505_L;0EAS_KHV_HG02059_L;0SAS_ITU_HG04217_L;0EAS_CHS_HG00513_L;0EUR_AKJ_NA24385_R;PanTro6	Optimization failure: H1 < H0 (diff=-2e-06)	2	0.4	ad85dc6450f6b23cfcfc05d87b8a7284807723d7c9548b2b37396c774dbd5011	-296.004	success	1	0.05	c6cd31f1e77ff9cc52c42dee081ed02b31a4d83a057ccf7d45edf6ab455f2579	-296.62	success	3	2.5	a842d353885b705a763b05bbf263334e1ab00c782cb30a36f3edab32a5393fc8	-296.004	success	5	0.8	fb1a8490364ede113c6b9d1275c9806ec69d37844d6e847d018d6adfffdbe96e	-296.004	success	1.1055	1	0	0.0001	0	0	1	2	0.4	0d8646c6abac52e7813ddb1bef6a3dd8f27832bc17f2cbf260cb2ba8812fb19b	-296.004	success	1.1055	1	0	0.0001	0	0	1	1	0.05	ce4844f4c1d57dc9bb00fce805f80dfd1dc164cc15d1db69d22ef12ecdae2d42	-296.004	success	1.10549	1	0	0.0001	0	0	1	3	2.5	31f05096e9f56ea4b234e81af453b6286535dc727ec156787f7ffb00bf0f70a7	-296.004	success	1.1055	0	0	0.0001	0	0	1	5	0.8	a1b19748c3a57625b886fd3572f1d9d4e337eb8bfedaf5e8f08fe2095c62cbc2	-296.004	success	fb1a8490364ede113c6b9d1275c9806ec69d37844d6e847d018d6adfffdbe96e	a1b19748c3a57625b886fd3572f1d9d4e337eb8bfedaf5e8f08fe2095c62cbc2	s4_mix	s4_mix
chr8_7301024_12598379	DEFB108C_ENST00000400154.2	success										1	1	0	0	0	1	0	0	0.0001	3.33178	-376.052	-376.052	83	83	83	True	True	0AFR_ACB_HG02011_L;0AFR_MSL_HG03065_R;0AFR_ESN_HG03371_L;0AFR_GWD_HG02818_R;0AFR_GWD_HG02587_L;0AFR_ESN_HG03125_L;0AFR_MSL_HG03065_L;0AFR_LWK_NA19036_L;1AFR_ESN_HG03371_R;1AFR_ESN_HG03125_R;1AFR_YRI_NA19239_R;1AFR_LWK_NA19434_L;1AFR_ACB_HG02011_R;1AFR_YRI_NA19239_L;1AFR_GWD_HG02818_L;1AFR_ASW_NA19983_L;1AFR_LWK_NA19036_R;0AMR_CLM_HG01352_L;1SAS_ITU_HG03732_R;1SAS_ITU_HG03732_L;0EUR_GBR_HG00096_R;1EUR_CEU_NA12878_R;1EUR_FIN_HG00171_R;1AMR_CLM_HG01114_R;1AMR_PEL_HG01573_R;1EUR_AKJ_NA24385_L;1EUR_FIN_HG00268_L;1AMR_PUR_HG00732_L;1AMR_MXL_NA19650_L;1AMR_PUR_HG00731_L;1EUR_FIN_HG00268_R;1AMR_MXL_NA19650_R;1EUR_CEU_NA12878_L;1EUR_TSI_NA20509_R;1AMR_PUR_HG00731_R;0EUR_IBS_HG01505_R;1EUR_FIN_HG00171_L;1SAS_BEB_HG03009_L;1EUR_CEU_NA12329_L;1AFR_ASW_NA19983_R;1SAS_ITU_HG04217_R;1SAS_BEB_HG03009_R;1SAS_PJL_HG02492_R;1AFR_LWK_NA19434_R;1AFR_YRI_NA19238_L;1AFR_MSL_HG03486_L;1AFR_YRI_NA19238_R;1AFR_MSL_HG03486_R;0AFR_GWD_HG02587_R;1EAS_JPT_NA18939_R;0AMR_CLM_HG01114_L;0EAS_CDX_HG00864_L;0AMR_PEL_HG02106_L;0SAS_GIH_NA20847_L;0SAS_STU_HG03683_R;1EAS_CHS_HG00513_R;0AMR_PEL_HG01573_L;0AMR_PEL_HG02106_R;0EUR_TSI_NA20509_L;0SAS_STU_HG03683_L;0EAS_CDX_HG00864_R;0EAS_CHB_NA18534_L;0EAS_CHS_HG00512_R;0EAS_CHS_HG00512_L;0EUR_CEU_NA12329_R;0EAS_KHV_HG02059_R;1EUR_GBR_HG00096_L;0EAS_JPT_NA18939_L;0SAS_PJL_HG02492_L;0EAS_KHV_HG01596_L;0SAS_GIH_NA20847_R;0EAS_CHB_NA18534_R;0EAS_KHV_HG02018_L;1AMR_CLM_HG01352_R;0EAS_KHV_HG01596_R;0EAS_KHV_HG02018_R;0AMR_PUR_HG00732_R;0EUR_IBS_HG01505_L;0EAS_KHV_HG02059_L;0SAS_ITU_HG04217_L;0EAS_CHS_HG00513_L;0EUR_AKJ_NA24385_R;PanTro6		2	0.4	6d89d25b81ee792d0a9e059a0d0f9b7984c038b168896d283971453c0130ad2c	-376.06	success	1	0.05	5f3454a826713d6991b7a16cd0774cc736f7a3d86c9d63576bcdea57189cedef	-376.06	success	3	2.5	1512a44da01e2a47f1f2bb906608d72ccbe39400d5bc272126f852e09f7cb6f9	-376.06	success	5	0.8	27afd3985201d4f5cc9f9c378ab829f2775cfd3ee40ecb87d8871805a3e5a985	-376.052	success	3.33178	1	0	0.0001	0	0	1	2	0.4	1e1e8dcbf563520f746240f52fe77cbed34bfafd4d9e7efd33b4f197506dfe51	-376.052	success	3.33178	0	0	0.0001	0	0	1	1	0.05	0544d89680df2086d8f7e6274abd4b6cc9c1b97a3cda1a4547392167e4b1d121	-376.052	success	3.27556	1	2.7507	4.30383	1	0	0	3	2.5	695b26c8fb479ef9a052e120dea8b3f049049a1be37bb9538b9ac8104b889127	-376.06	success	3.32732	1	0	0.1923	0	0	1	5	0.8	efbd6a093813fbb9e6bf2828f3ea73eeaee18fb95abc8a7f3efb1d5cdd1a05d4	-376.053	success	27afd3985201d4f5cc9f9c378ab829f2775cfd3ee40ecb87d8871805a3e5a985	0544d89680df2086d8f7e6274abd4b6cc9c1b97a3cda1a4547392167e4b1d121	s4_mix	s2_pur
chr8_7301024_12598379	DEFB109B_ENST00000382656.2	success										1	1	0	0	0	1	0	0	0.0001	1.21628	-381.592	-381.592	83	83	83	True	True	0AFR_ACB_HG02011_L;0AFR_MSL_HG03065_R;0AFR_ESN_HG03371_L;0AFR_GWD_HG02818_R;0AFR_GWD_HG02587_L;0AFR_ESN_HG03125_L;0AFR_MSL_HG03065_L;0AFR_LWK_NA19036_L;1AFR_ESN_HG03371_R;1AFR_ESN_HG03125_R;1AFR_YRI_NA19239_R;1AFR_LWK_NA19434_L;1AFR_ACB_HG02011_R;1AFR_YRI_NA19239_L;1AFR_GWD_HG02818_L;1AFR_ASW_NA19983_L;1AFR_LWK_NA19036_R;0AMR_CLM_HG01352_L;1SAS_ITU_HG03732_R;1SAS_ITU_HG03732_L;0EUR_GBR_HG00096_R;1EUR_CEU_NA12878_R;1EUR_FIN_HG00171_R;1AMR_CLM_HG01114_R;1AMR_PEL_HG01573_R;1EUR_AKJ_NA24385_L;1EUR_FIN_HG00268_L;1AMR_PUR_HG00732_L;1AMR_MXL_NA19650_L;1AMR_PUR_HG00731_L;1EUR_FIN_HG00268_R;1AMR_MXL_NA19650_R;1EUR_CEU_NA12878_L;1EUR_TSI_NA20509_R;1AMR_PUR_HG00731_R;0EUR_IBS_HG01505_R;1EUR_FIN_HG00171_L;1SAS_BEB_HG03009_L;1EUR_CEU_NA12329_L;1AFR_ASW_NA19983_R;1SAS_ITU_HG04217_R;1SAS_BEB_HG03009_R;1SAS_PJL_HG02492_R;1AFR_LWK_NA19434_R;1AFR_YRI_NA19238_L;1AFR_MSL_HG03486_L;1AFR_YRI_NA19238_R;1AFR_MSL_HG03486_R;0AFR_GWD_HG02587_R;1EAS_JPT_NA18939_R;0AMR_CLM_HG01114_L;0EAS_CDX_HG00864_L;0AMR_PEL_HG02106_L;0SAS_GIH_NA20847_L;0SAS_STU_HG03683_R;1EAS_CHS_HG00513_R;0AMR_PEL_HG01573_L;0AMR_PEL_HG02106_R;0EUR_TSI_NA20509_L;0SAS_STU_HG03683_L;0EAS_CDX_HG00864_R;0EAS_CHB_NA18534_L;0EAS_CHS_HG00512_R;0EAS_CHS_HG00512_L;0EUR_CEU_NA12329_R;0EAS_KHV_HG02059_R;1EUR_GBR_HG00096_L;0EAS_JPT_NA18939_L;0SAS_PJL_HG02492_L;0EAS_KHV_HG01596_L;0SAS_GIH_NA20847_R;0EAS_CHB_NA18534_R;0EAS_KHV_HG02018_L;1AMR_CLM_HG01352_R;0EAS_KHV_HG01596_R;0EAS_KHV_HG02018_R;0AMR_PUR_HG00732_R;0EUR_IBS_HG01505_L;0EAS_KHV_HG02059_L;0SAS_ITU_HG04217_L;0EAS_CHS_HG00513_L;0EUR_AKJ_NA24385_R;PanTro6		2	0.4	93507eb2cb6913b4395ef0cc148ab6a000fec993c934e06fabd81cf42828b1f3	-381.592	success	1	0.05	96d4a4ec5224a2b46b82d853c5935cdc7513032d98bacfc054dc215e621bf7b4	-381.592	success	3	2.5	e1a2792b9c8bf9133f55268b2278737f0f43652171a8bd4d8f81dfc9a60b34df	-381.61	success	5	0.8	ccf31f175103e954664e3f54fe31cc9ab7531881d66e81deebe30df297b19c8e	-381.592	success	1.21717	0	0	0.0001	0	0	1	2	0.4	65cfac4d18011706c68b870dc0c56363e3c49d658297811a4eec62c9cbbff537	-381.592	success	1.21628	0	0	0.0001	0	0	1	1	0.05	8e0876f0fe066c06d81bb70fb981ab80acd6afb2d86a4d9219ed5420cc493623	-381.592	success	1.21628	1	0	0.0001	0	0	1	3	2.5	69caf29b1505ca192f311834c0d773a0ba41bcb4eb464949195cba72636961e0	-381.592	success	1.21628	1	0	0.0001	0	0	1	5	0.8	728d1b0e73cf0a19186e8d7ff37e7d5103c7dc676a4879967c835cb4d29d9800	-381.592	success	93507eb2cb6913b4395ef0cc148ab6a000fec993c934e06fabd81cf42828b1f3	8e0876f0fe066c06d81bb70fb981ab80acd6afb2d86a4d9219ed5420cc493623	s1_def	s2_pur
chr8_7301024_12598379	DEFB135_ENST00000382208.3	partial_success													0.98574	0	0.01426	0.97831	999	999	999	-329.155	-328.848	83	83	83	True	True	0AFR_ACB_HG02011_L;0AFR_MSL_HG03065_R;0AFR_ESN_HG03371_L;0AFR_GWD_HG02818_R;0AFR_GWD_HG02587_L;0AFR_ESN_HG03125_L;0AFR_MSL_HG03065_L;0AFR_LWK_NA19036_L;1AFR_ESN_HG03371_R;1AFR_ESN_HG03125_R;1AFR_YRI_NA19239_R;1AFR_LWK_NA19434_L;1AFR_ACB_HG02011_R;1AFR_YRI_NA19239_L;1AFR_GWD_HG02818_L;1AFR_ASW_NA19983_L;1AFR_LWK_NA19036_R;0AMR_CLM_HG01352_L;1SAS_ITU_HG03732_R;1SAS_ITU_HG03732_L;0EUR_GBR_HG00096_R;1EUR_CEU_NA12878_R;1EUR_FIN_HG00171_R;1AMR_CLM_HG01114_R;1AMR_PEL_HG01573_R;1EUR_AKJ_NA24385_L;1EUR_FIN_HG00268_L;1AMR_PUR_HG00732_L;1AMR_MXL_NA19650_L;1AMR_PUR_HG00731_L;1EUR_FIN_HG00268_R;1AMR_MXL_NA19650_R;1EUR_CEU_NA12878_L;1EUR_TSI_NA20509_R;1AMR_PUR_HG00731_R;0EUR_IBS_HG01505_R;1EUR_FIN_HG00171_L;1SAS_BEB_HG03009_L;1EUR_CEU_NA12329_L;1AFR_ASW_NA19983_R;1SAS_ITU_HG04217_R;1SAS_BEB_HG03009_R;1SAS_PJL_HG02492_R;1AFR_LWK_NA19434_R;1AFR_YRI_NA19238_L;1AFR_MSL_HG03486_L;1AFR_YRI_NA19238_R;1AFR_MSL_HG03486_R;0AFR_GWD_HG02587_R;1EAS_JPT_NA18939_R;0AMR_CLM_HG01114_L;0EAS_CDX_HG00864_L;0AMR_PEL_HG02106_L;0SAS_GIH_NA20847_L;0SAS_STU_HG03683_R;1EAS_CHS_HG00513_R;0AMR_PEL_HG01573_L;0AMR_PEL_HG02106_R;0EUR_TSI_NA20509_L;0SAS_STU_HG03683_L;0EAS_CDX_HG00864_R;0EAS_CHB_NA18534_L;0EAS_CHS_HG00512_R;0EAS_CHS_HG00512_L;0EUR_CEU_NA12329_R;0EAS_KHV_HG02059_R;1EUR_GBR_HG00096_L;0EAS_JPT_NA18939_L;0SAS_PJL_HG02492_L;0EAS_KHV_HG01596_L;0SAS_GIH_NA20847_R;0EAS_CHB_NA18534_R;0EAS_KHV_HG02018_L;1AMR_CLM_HG01352_R;0EAS_KHV_HG01596_R;0EAS_KHV_HG02018_R;0AMR_PUR_HG00732_R;0EUR_IBS_HG01505_L;0EAS_KHV_HG02059_L;0SAS_ITU_HG04217_L;0EAS_CHS_HG00513_L;0EUR_AKJ_NA24385_R;PanTro6	Optimization failure: H1 < H0 (diff=-0.3067)	2	0.4	7e368ee8ec1c8b3921d974f59bd3dca7b6e661088d7d963651f51a01c0f82043	-340.941	success	1	0.05	ddcda5adea7d208023f2843b288b92d5cbcdaf457f249b35af06b2744bc4f46e	-340.201	success	3	2.5	2d9a916593778c40adc941e742ee8dacefa8b70da2cc7ce2d7856c1f9dd6d882	-328.848	success	5	0.8	3cd188ebeff7f779d431c0d2de6a81902b2868528a4bedd5a448f39ceefb2e75	-340.201	success	999	0	0	0.0001	0	0.26675	0.73325	2	0.4	a9d7d4374736834fdb8674a689a1337f4903a4bf5e6a641be1ecd6e4b57943b8	-340.201	success	999	0	0	0.0001	0.63315	0.36685	0	1	0.05	421bc7d8bf848878e30859e638da05e4d570cff9b2ede0b480efd73a91d4e6e7	-340.289	success	999	0.97831	999	999	0.98574	0	0.01426	3	2.5	c3e1fb0f2065129a595648796e24ff3b0db8c1d987c41934d8c763e613d75eab	-329.155	success	999	0	0	0.0001	0	0.26676	0.73324	5	0.8	d8ecf49301c8bf642c2004b855287db3a9fe8f1f7f529a93250c1e2c88647dd8	-340.201	success	2d9a916593778c40adc941e742ee8dacefa8b70da2cc7ce2d7856c1f9dd6d882	c3e1fb0f2065129a595648796e24ff3b0db8c1d987c41934d8c763e613d75eab	s3_pos	s3_pos
chr8_7301024_12598379	DEFB4A_ENST00000302247.3	success										1	1	0	0	0	1	0	0	0.0001	999	-267.884	-267.884	83	83	83	True	True	0AFR_ACB_HG02011_L;0AFR_MSL_HG03065_R;0AFR_ESN_HG03371_L;0AFR_GWD_HG02818_R;0AFR_GWD_HG02587_L;0AFR_ESN_HG03125_L;0AFR_MSL_HG03065_L;0AFR_LWK_NA19036_L;1AFR_ESN_HG03371_R;1AFR_ESN_HG03125_R;1AFR_YRI_NA19239_R;1AFR_LWK_NA19434_L;1AFR_ACB_HG02011_R;1AFR_YRI_NA19239_L;1AFR_GWD_HG02818_L;1AFR_ASW_NA19983_L;1AFR_LWK_NA19036_R;0AMR_CLM_HG01352_L;1SAS_ITU_HG03732_R;1SAS_ITU_HG03732_L;0EUR_GBR_HG00096_R;1EUR_CEU_NA12878_R;1EUR_FIN_HG00171_R;1AMR_CLM_HG01114_R;1AMR_PEL_HG01573_R;1EUR_AKJ_NA24385_L;1EUR_FIN_HG00268_L;1AMR_PUR_HG00732_L;1AMR_MXL_NA19650_L;1AMR_PUR_HG00731_L;1EUR_FIN_HG00268_R;1AMR_MXL_NA19650_R;1EUR_CEU_NA12878_L;1EUR_TSI_NA20509_R;1AMR_PUR_HG00731_R;0EUR_IBS_HG01505_R;1EUR_FIN_HG00171_L;1SAS_BEB_HG03009_L;1EUR_CEU_NA12329_L;1AFR_ASW_NA19983_R;1SAS_ITU_HG04217_R;1SAS_BEB_HG03009_R;1SAS_PJL_HG02492_R;1AFR_LWK_NA19434_R;1AFR_YRI_NA19238_L;1AFR_MSL_HG03486_L;1AFR_YRI_NA19238_R;1AFR_MSL_HG03486_R;0AFR_GWD_HG02587_R;1EAS_JPT_NA18939_R;0AMR_CLM_HG01114_L;0EAS_CDX_HG00864_L;0AMR_PEL_HG02106_L;0SAS_GIH_NA20847_L;0SAS_STU_HG03683_R;1EAS_CHS_HG00513_R;0AMR_PEL_HG01573_L;0AMR_PEL_HG02106_R;0EUR_TSI_NA20509_L;0SAS_STU_HG03683_L;0EAS_CDX_HG00864_R;0EAS_CHB_NA18534_L;0EAS_CHS_HG00512_R;0EAS_CHS_HG00512_L;0EUR_CEU_NA12329_R;0EAS_KHV_HG02059_R;1EUR_GBR_HG00096_L;0EAS_JPT_NA18939_L;0SAS_PJL_HG02492_L;0EAS_KHV_HG01596_L;0SAS_GIH_NA20847_R;0EAS_CHB_NA18534_R;0EAS_KHV_HG02018_L;1AMR_CLM_HG01352_R;0EAS_KHV_HG01596_R;0EAS_KHV_HG02018_R;0AMR_PUR_HG00732_R;0EUR_IBS_HG01505_L;0EAS_KHV_HG02059_L;0SAS_ITU_HG04217_L;0EAS_CHS_HG00513_L;0EUR_AKJ_NA24385_R;PanTro6		2	0.4	bd34ee9a0ac88176c297c4cd74dbebf7de0b74a170583ea61e7bafc77f811d50	-267.888	success	1	0.05	b6a5728ee7a54b67ccc417f6f732352a87724b2254435703be658ef497dc6c99	-267.884	success	3	2.5	204f3d69e57a3d8c1324d176fb6a14c8bf5e458d54ecedb60551cb1b94bb8a3b	-267.903	success	5	0.8	85706ffe036470a99b394eea49d06577e1ec6ce662f2d987a589907173498702	-267.886	success	999	0	0	0.0001	0	0	1	2	0.4	561b55138fa10742a8d8e05f7db38a0651b9a22369c3fb75f04cead569c03e21	-267.884	success	999	0	0	0.0001	0.49654	0.49969	0.00376	1	0.05	00e27c642a1fc4fbff94f383e5ba9d19a832c4a9c985017c3884a28bbb33e51e	-267.887	success	999	0.49117	0	3.91598	1	0	0	3	2.5	eaa410ec2daa5a660cc8a63def4509f33e2be70c1fd2eb928e550fe52b1fba40	-267.886	success	999	0	0	145.472	0	0	1	5	0.8	943ec0c30539425d6488d0b8bb8512c432bc81448fa508fee8bde4c5b6a18517	-267.886	success	b6a5728ee7a54b67ccc417f6f732352a87724b2254435703be658ef497dc6c99	561b55138fa10742a8d8e05f7db38a0651b9a22369c3fb75f04cead569c03e21	s2_pur	s1_def
chr8_7301024_12598379	ERI1_ENST00000250263.8	success										0.53137	1	0.39177	0.99698	0	0.00302	0.02165	181.457	107.795	0.58743	-1610.07	-1610.27	83	83	83	True	True	0AFR_ACB_HG02011_L;0AFR_MSL_HG03065_R;0AFR_ESN_HG03371_L;0AFR_GWD_HG02818_R;0AFR_GWD_HG02587_L;0AFR_ESN_HG03125_L;0AFR_MSL_HG03065_L;0AFR_LWK_NA19036_L;1AFR_ESN_HG03371_R;1AFR_ESN_HG03125_R;1AFR_YRI_NA19239_R;1AFR_LWK_NA19434_L;1AFR_ACB_HG02011_R;1AFR_YRI_NA19239_L;1AFR_GWD_HG02818_L;1AFR_ASW_NA19983_L;1AFR_LWK_NA19036_R;0AMR_CLM_HG01352_L;1SAS_ITU_HG03732_R;1SAS_ITU_HG03732_L;0EUR_GBR_HG00096_R;1EUR_CEU_NA12878_R;1EUR_FIN_HG00171_R;1AMR_CLM_HG01114_R;1AMR_PEL_HG01573_R;1EUR_AKJ_NA24385_L;1EUR_FIN_HG00268_L;1AMR_PUR_HG00732_L;1AMR_MXL_NA19650_L;1AMR_PUR_HG00731_L;1EUR_FIN_HG00268_R;1AMR_MXL_NA19650_R;1EUR_CEU_NA12878_L;1EUR_TSI_NA20509_R;1AMR_PUR_HG00731_R;0EUR_IBS_HG01505_R;1EUR_FIN_HG00171_L;1SAS_BEB_HG03009_L;1EUR_CEU_NA12329_L;1AFR_ASW_NA19983_R;1SAS_ITU_HG04217_R;1SAS_BEB_HG03009_R;1SAS_PJL_HG02492_R;1AFR_LWK_NA19434_R;1AFR_YRI_NA19238_L;1AFR_MSL_HG03486_L;1AFR_YRI_NA19238_R;1AFR_MSL_HG03486_R;0AFR_GWD_HG02587_R;1EAS_JPT_NA18939_R;0AMR_CLM_HG01114_L;0EAS_CDX_HG00864_L;0AMR_PEL_HG02106_L;0SAS_GIH_NA20847_L;0SAS_STU_HG03683_R;1EAS_CHS_HG00513_R;0AMR_PEL_HG01573_L;0AMR_PEL_HG02106_R;0EUR_TSI_NA20509_L;0SAS_STU_HG03683_L;0EAS_CDX_HG00864_R;0EAS_CHB_NA18534_L;0EAS_CHS_HG00512_R;0EAS_CHS_HG00512_L;0EUR_CEU_NA12329_R;0EAS_KHV_HG02059_R;1EUR_GBR_HG00096_L;0EAS_JPT_NA18939_L;0SAS_PJL_HG02492_L;0EAS_KHV_HG01596_L;0SAS_GIH_NA20847_R;0EAS_CHB_NA18534_R;0EAS_KHV_HG02018_L;1AMR_CLM_HG01352_R;0EAS_KHV_HG01596_R;0EAS_KHV_HG02018_R;0AMR_PUR_HG00732_R;0EUR_IBS_HG01505_L;0EAS_KHV_HG02059_L;0SAS_ITU_HG04217_L;0EAS_CHS_HG00513_L;0EUR_AKJ_NA24385_R;PanTro6		2	0.4	f962dc1a33eb7d8fc2451b8e8c90f4975e50cbbdc3802bf566c50b1670358daf	-1643.26	success	1	0.05	6fe217890c4703568a8f058fe4b2af577eee898560cd290860ddda0501e6e31a	-1644.34	success	3	2.5	d6d0cbe827851253af17f2e1fd3de0e34f2dfa0f45ede6fb880b1e2a33e45804	-1610.27	success	5	0.8	018608cd9d7cd32f7fd226d94524a55464582564de2c3297989e3abcb8e59ecc	-1643.26	success	0.58743	0.02165	181.457	107.795	0.99698	0	0.00302	2	0.4	6709b49288bebeda9dc65b53680fb704fe0c9ba327ff3ce85bfa018ee48b26ec	-1610.07	success	0.53661	0	0	0.0001	0.05499	0.02	0.92501	1	0.05	2231c0cfb5651a087342405a6f9516c6d392809c76219a9cc3c20104d324a620	-1643.26	success	0.58737	0.02165	181.465	107.784	0.99697	0	0.00303	3	2.5	729e3c6aa1487583e0e31e68de899e36316654d51488f6e641bbc221da184acd	-1610.07	success	0.53659	0	0	0.0001	0	0.02	0.98	5	0.8	cd4d0ed2485219659e2f6fb26a7bcff008dbabe6b68df03f990c1276d9c26bf5	-1643.26	success	d6d0cbe827851253af17f2e1fd3de0e34f2dfa0f45ede6fb880b1e2a33e45804	6709b49288bebeda9dc65b53680fb704fe0c9ba327ff3ce85bfa018ee48b26ec	s3_pos	s1_def
chr8_7301024_12598379	FAM90A10_ENST00000533716.2	success										0.978712	1	0.000712	0.771	0	0.229	0	999	999	2.59988	-2066	-2066	83	83	83	True	True	0AFR_ACB_HG02011_L;0AFR_MSL_HG03065_R;0AFR_ESN_HG03371_L;0AFR_GWD_HG02818_R;0AFR_GWD_HG02587_L;0AFR_ESN_HG03125_L;0AFR_MSL_HG03065_L;0AFR_LWK_NA19036_L;1AFR_ESN_HG03371_R;1AFR_ESN_HG03125_R;1AFR_YRI_NA19239_R;1AFR_LWK_NA19434_L;1AFR_ACB_HG02011_R;1AFR_YRI_NA19239_L;1AFR_GWD_HG02818_L;1AFR_ASW_NA19983_L;1AFR_LWK_NA19036_R;0AMR_CLM_HG01352_L;1SAS_ITU_HG03732_R;1SAS_ITU_HG03732_L;0EUR_GBR_HG00096_R;1EUR_CEU_NA12878_R;1EUR_FIN_HG00171_R;1AMR_CLM_HG01114_R;1AMR_PEL_HG01573_R;1EUR_AKJ_NA24385_L;1EUR_FIN_HG00268_L;1AMR_PUR_HG00732_L;1AMR_MXL_NA19650_L;1AMR_PUR_HG00731_L;1EUR_FIN_HG00268_R;1AMR_MXL_NA19650_R;1EUR_CEU_NA12878_L;1EUR_TSI_NA20509_R;1AMR_PUR_HG00731_R;0EUR_IBS_HG01505_R;1EUR_FIN_HG00171_L;1SAS_BEB_HG03009_L;1EUR_CEU_NA12329_L;1AFR_ASW_NA19983_R;1SAS_ITU_HG04217_R;1SAS_BEB_HG03009_R;1SAS_PJL_HG02492_R;1AFR_LWK_NA19434_R;1AFR_YRI_NA19238_L;1AFR_MSL_HG03486_L;1AFR_YRI_NA19238_R;1AFR_MSL_HG03486_R;0AFR_GWD_HG02587_R;1EAS_JPT_NA18939_R;0AMR_CLM_HG01114_L;0EAS_CDX_HG00864_L;0AMR_PEL_HG02106_L;0SAS_GIH_NA20847_L;0SAS_STU_HG03683_R;1EAS_CHS_HG00513_R;0AMR_PEL_HG01573_L;0AMR_PEL_HG02106_R;0EUR_TSI_NA20509_L;0SAS_STU_HG03683_L;0EAS_CDX_HG00864_R;0EAS_CHB_NA18534_L;0EAS_CHS_HG00512_R;0EAS_CHS_HG00512_L;0EUR_CEU_NA12329_R;0EAS_KHV_HG02059_R;1EUR_GBR_HG00096_L;0EAS_JPT_NA18939_L;0SAS_PJL_HG02492_L;0EAS_KHV_HG01596_L;0SAS_GIH_NA20847_R;0EAS_CHB_NA18534_R;0EAS_KHV_HG02018_L;1AMR_CLM_HG01352_R;0EAS_KHV_HG01596_R;0EAS_KHV_HG02018_R;0AMR_PUR_HG00732_R;0EUR_IBS_HG01505_L;0EAS_KHV_HG02059_L;0SAS_ITU_HG04217_L;0EAS_CHS_HG00513_L;0EUR_AKJ_NA24385_R;PanTro6		2	0.4	f8e2a15f786b8b258d3ad466f8274a2f147adde912685409050eae3e1cbd416b	-2066	success	1	0.05	b19e75e7831e7f8d01c745832d5268d115e90e248d77ab24dcfd0976598fd7ad	-2067.93	success	3	2.5	e1e9eb08484ed294ff40a5262544bf50685329498652e8df4b60ef8b0e68a9db	-2066	success	5	0.8	5f5dceb12f39879531d216617e6d2c0d0f8f7d3db08bd63adde5cda8c9dd4386	-2066	success	2.59988	0	999	999	0.771	0	0.229	2	0.4	a6d622955d662f8b095d6489333d55bd1ec5447d8feef3ff48e7a81c4df7b0d4	-2066	success	2.59988	0	999	999	0.771	0	0.229	1	0.05	f522cf335272b67ecb1b14be9457caec3dbf69f94a0c46041ed6fa63822dacd1	-2066	success	2.43918	0	1.90283	8.27535	0	1	0	3	2.5	df15d991ea0c2d7a0e7210dd8951ba28ce7974269833581956485bf70e1499d8	-2067.93	success	2.43916	0	0	2.05373	0	1	0	5	0.8	042d1aa6c1e23b5671fb9e334fa154026de608e12a3775d9fd8931e72b7bccba	-2067.93	success	e1e9eb08484ed294ff40a5262544bf50685329498652e8df4b60ef8b0e68a9db	a6d622955d662f8b095d6489333d55bd1ec5447d8feef3ff48e7a81c4df7b0d4	s3_pos	s1_def
chr8_7301024_12598379	FAM90A14_ENST00000648315.1	success										0.676674	1	0.173894	0.72091	0	0.27909	0	0	0.0001	3.38675	-2005.05	-2005.14	83	83	83	True	True	0AFR_ACB_HG02011_L;0AFR_MSL_HG03065_R;0AFR_ESN_HG03371_L;0AFR_GWD_HG02818_R;0AFR_GWD_HG02587_L;0AFR_ESN_HG03125_L;0AFR_MSL_HG03065_L;0AFR_LWK_NA19036_L;1AFR_ESN_HG03371_R;1AFR_ESN_HG03125_R;1AFR_YRI_NA19239_R;1AFR_LWK_NA19434_L;1AFR_ACB_HG02011_R;1AFR_YRI_NA19239_L;1AFR_GWD_HG02818_L;1AFR_ASW_NA19983_L;1AFR_LWK_NA19036_R;0AMR_CLM_HG01352_L;1SAS_ITU_HG03732_R;1SAS_ITU_HG03732_L;0EUR_GBR_HG00096_R;1EUR_CEU_NA12878_R;1EUR_FIN_HG00171_R;1AMR_CLM_HG01114_R;1AMR_PEL_HG01573_R;1EUR_AKJ_NA24385_L;1EUR_FIN_HG00268_L;1AMR_PUR_HG00732_L;1AMR_MXL_NA19650_L;1AMR_PUR_HG00731_L;1EUR_FIN_HG00268_R;1AMR_MXL_NA19650_R;1EUR_CEU_NA12878_L;1EUR_TSI_NA20509_R;1AMR_PUR_HG00731_R;0EUR_IBS_HG01505_R;1EUR_FIN_HG00171_L;1SAS_BEB_HG03009_L;1EUR_CEU_NA12329_L;1AFR_ASW_NA19983_R;1SAS_ITU_HG04217_R;1SAS_BEB_HG03009_R;1SAS_PJL_HG02492_R;1AFR_LWK_NA19434_R;1AFR_YRI_NA19238_L;1AFR_MSL_HG03486_L;1AFR_YRI_NA19238_R;1AFR_MSL_HG03486_R;0AFR_GWD_HG02587_R;1EAS_JPT_NA18939_R;0AMR_CLM_HG01114_L;0EAS_CDX_HG00864_L;0AMR_PEL_HG02106_L;0SAS_GIH_NA20847_L;0SAS_STU_HG03683_R;1EAS_CHS_HG00513_R;0AMR_PEL_HG01573_L;0AMR_PEL_HG02106_R;0EUR_TSI_NA20509_L;0SAS_STU_HG03683_L;0EAS_CDX_HG00864_R;0EAS_CHB_NA18534_L;0EAS_CHS_HG00512_R;0EAS_CHS_HG00512_L;0EUR_CEU_NA12329_R;0EAS_KHV_HG02059_R;1EUR_GBR_HG00096_L;0EAS_JPT_NA18939_L;0SAS_PJL_HG02492_L;0EAS_KHV_HG01596_L;0SAS_GIH_NA20847_R;0EAS_CHB_NA18534_R;0EAS_KHV_HG02018_L;1AMR_CLM_HG01352_R;0EAS_KHV_HG01596_R;0EAS_KHV_HG02018_R;0AMR_PUR_HG00732_R;0EUR_IBS_HG01505_L;0EAS_KHV_HG02059_L;0SAS_ITU_HG04217_L;0EAS_CHS_HG00513_L;0EUR_AKJ_NA24385_R;PanTro6		2	0.4	dbaea1215b7ada51f0d0da017e8f442c83dc23d65121fee169ba76337c65040d	-2005.14	success	1	0.05	73866096f3e3d3a1e69458b2a57ffe9fc90f1c8b90588dadb068d0be19dfc6b5	-2005.97	success	3	2.5	ecce68196d89ea93490e3ee335456ca0ead30c9e31f1be2def3669a507a99383	-2005.97	success	5	0.8	840e7bc1df7dc91930ec2ad7ecc4cd81173b8421b796430ce6766fc3cf9e17ef	-2005.97	success	3.38675	0	0	0.0001	0.72091	0	0.27909	2	0.4	351d6b730cc0720eba95a3aa934f1a4c0f7a5d116e83097ab611b145d6d41323	-2005.05	success	3.38675	0	0	0.0001	0.72091	0	0.27909	1	0.05	99277e8db81f16df3eb2c9d03a597c2d6936c665c019f1249bbd9b9e5d1505b6	-2005.05	success	3.38675	0	0	0.0001	0.72091	0	0.27909	3	2.5	010cda52493a73e5d746ed4a189798b78aa937526b63dcb53bae29597ff9cd81	-2005.05	success	3.38675	0	0	0.0001	0.72091	0	0.27909	5	0.8	3735d9a3fed877f781db95b1e3f00ac4136852be01946d1c4ca25879585efa33	-2005.05	success	dbaea1215b7ada51f0d0da017e8f442c83dc23d65121fee169ba76337c65040d	99277e8db81f16df3eb2c9d03a597c2d6936c665c019f1249bbd9b9e5d1505b6	s1_def	s2_pur
chr8_7301024_12598379	FAM90A16_ENST00000648174.1	success										1	1	0	0.73063	0	0.26937	0	0	0.0001	3.64402	-2009.84	-2009.84	83	83	83	True	True	0AFR_ACB_HG02011_L;0AFR_MSL_HG03065_R;0AFR_ESN_HG03371_L;0AFR_GWD_HG02818_R;0AFR_GWD_HG02587_L;0AFR_ESN_HG03125_L;0AFR_MSL_HG03065_L;0AFR_LWK_NA19036_L;1AFR_ESN_HG03371_R;1AFR_ESN_HG03125_R;1AFR_YRI_NA19239_R;1AFR_LWK_NA19434_L;1AFR_ACB_HG02011_R;1AFR_YRI_NA19239_L;1AFR_GWD_HG02818_L;1AFR_ASW_NA19983_L;1AFR_LWK_NA19036_R;0AMR_CLM_HG01352_L;1SAS_ITU_HG03732_R;1SAS_ITU_HG03732_L;0EUR_GBR_HG00096_R;1EUR_CEU_NA12878_R;1EUR_FIN_HG00171_R;1AMR_CLM_HG01114_R;1AMR_PEL_HG01573_R;1EUR_AKJ_NA24385_L;1EUR_FIN_HG00268_L;1AMR_PUR_HG00732_L;1AMR_MXL_NA19650_L;1AMR_PUR_HG00731_L;1EUR_FIN_HG00268_R;1AMR_MXL_NA19650_R;1EUR_CEU_NA12878_L;1EUR_TSI_NA20509_R;1AMR_PUR_HG00731_R;0EUR_IBS_HG01505_R;1EUR_FIN_HG00171_L;1SAS_BEB_HG03009_L;1EUR_CEU_NA12329_L;1AFR_ASW_NA19983_R;1SAS_ITU_HG04217_R;1SAS_BEB_HG03009_R;1SAS_PJL_HG02492_R;1AFR_LWK_NA19434_R;1AFR_YRI_NA19238_L;1AFR_MSL_HG03486_L;1AFR_YRI_NA19238_R;1AFR_MSL_HG03486_R;0AFR_GWD_HG02587_R;1EAS_JPT_NA18939_R;0AMR_CLM_HG01114_L;0EAS_CDX_HG00864_L;0AMR_PEL_HG02106_L;0SAS_GIH_NA20847_L;0SAS_STU_HG03683_R;1EAS_CHS_HG00513_R;0AMR_PEL_HG01573_L;0AMR_PEL_HG02106_R;0EUR_TSI_NA20509_L;0SAS_STU_HG03683_L;0EAS_CDX_HG00864_R;0EAS_CHB_NA18534_L;0EAS_CHS_HG00512_R;0EAS_CHS_HG00512_L;0EUR_CEU_NA12329_R;0EAS_KHV_HG02059_R;1EUR_GBR_HG00096_L;0EAS_JPT_NA18939_L;0SAS_PJL_HG02492_L;0EAS_KHV_HG01596_L;0SAS_GIH_NA20847_R;0EAS_CHB_NA18534_R;0EAS_KHV_HG02018_L;1AMR_CLM_HG01352_R;0EAS_KHV_HG01596_R;0EAS_KHV_HG02018_R;0AMR_PUR_HG00732_R;0EUR_IBS_HG01505_L;0EAS_KHV_HG02059_L;0SAS_ITU_HG04217_L;0EAS_CHS_HG00513_L;0EUR_AKJ_NA24385_R;PanTro6		2	0.4	c7edd1356a6fe012759b6502397302ed65c0bd20c32a9534fa5cf77d7eb0f798	-2010.9	success	1	0.05	6233fd1967e7b0e1090b9c964fdc4422a34a4c87eb79b7df381bdb2c7378caba	-2009.84	success	3	2.5	6058bf2e6ecd6de9cc9b1c69f5b7ecf3dac824e39ca1e95bd5b4eb2300eebfbc	-2010.9	success	5	0.8	9ac4481e518aac41e662d8a5c5feadc8559aae387406d9db7e6719caa11b9f14	-2009.84	success	3.64402	0	0	0.0001	0.73063	0	0.26937	2	0.4	41ec4c1d7e9456683236aaf0285d6bf27e53188e751f81a3b4335227fb69e1db	-2009.84	success	3.62989	0	0	0.0001	0	0.94621	0.05379	1	0.05	c385845e22abcdd197bfa3532fc115795cefe423dd71f9229237d543180d37fc	-2009.93	success	3.64402	0	0	0.0001	0.73063	0	0.26937	3	2.5	37464334ad3f5141fb49aecf955285434d1a6323d4dd985afdbe5f65f3a67654	-2009.84	success	3.64446	0	0.61121	0.0001	0.73048	0	0.26952	5	0.8	ceef699b0b65915b54fae59d69f3f0606e513b75d6d0a11eddead554c4bef3f5	-2009.84	success	9ac4481e518aac41e662d8a5c5feadc8559aae387406d9db7e6719caa11b9f14	37464334ad3f5141fb49aecf955285434d1a6323d4dd985afdbe5f65f3a67654	s4_mix	s3_pos
chr8_7301024_12598379	FAM90A17_ENST00000650426.1	success										1	1	0	0.80522	0	0.19478	0	999	999	3.50661	-2058.08	-2058.08	83	83	83	True	True	0AFR_ACB_HG02011_L;0AFR_MSL_HG03065_R;0AFR_ESN_HG03371_L;0AFR_GWD_HG02818_R;0AFR_GWD_HG02587_L;0AFR_ESN_HG03125_L;0AFR_MSL_HG03065_L;0AFR_LWK_NA19036_L;1AFR_ESN_HG03371_R;1AFR_ESN_HG03125_R;1AFR_YRI_NA19239_R;1AFR_LWK_NA19434_L;1AFR_ACB_HG02011_R;1AFR_YRI_NA19239_L;1AFR_GWD_HG02818_L;1AFR_ASW_NA19983_L;1AFR_LWK_NA19036_R;0AMR_CLM_HG01352_L;1SAS_ITU_HG03732_R;1SAS_ITU_HG03732_L;0EUR_GBR_HG00096_R;1EUR_CEU_NA12878_R;1EUR_FIN_HG00171_R;1AMR_CLM_HG01114_R;1AMR_PEL_HG01573_R;1EUR_AKJ_NA24385_L;1EUR_FIN_HG00268_L;1AMR_PUR_HG00732_L;1AMR_MXL_NA19650_L;1AMR_PUR_HG00731_L;1EUR_FIN_HG00268_R;1AMR_MXL_NA19650_R;1EUR_CEU_NA12878_L;1EUR_TSI_NA20509_R;1AMR_PUR_HG00731_R;0EUR_IBS_HG01505_R;1EUR_FIN_HG00171_L;1SAS_BEB_HG03009_L;1EUR_CEU_NA12329_L;1AFR_ASW_NA19983_R;1SAS_ITU_HG04217_R;1SAS_BEB_HG03009_R;1SAS_PJL_HG02492_R;1AFR_LWK_NA19434_R;1AFR_YRI_NA19238_L;1AFR_MSL_HG03486_L;1AFR_YRI_NA19238_R;1AFR_MSL_HG03486_R;0AFR_GWD_HG02587_R;1EAS_JPT_NA18939_R;0AMR_CLM_HG01114_L;0EAS_CDX_HG00864_L;0AMR_PEL_HG02106_L;0SAS_GIH_NA20847_L;0SAS_STU_HG03683_R;1EAS_CHS_HG00513_R;0AMR_PEL_HG01573_L;0AMR_PEL_HG02106_R;0EUR_TSI_NA20509_L;0SAS_STU_HG03683_L;0EAS_CDX_HG00864_R;0EAS_CHB_NA18534_L;0EAS_CHS_HG00512_R;0EAS_CHS_HG00512_L;0EUR_CEU_NA12329_R;0EAS_KHV_HG02059_R;1EUR_GBR_HG00096_L;0EAS_JPT_NA18939_L;0SAS_PJL_HG02492_L;0EAS_KHV_HG01596_L;0SAS_GIH_NA20847_R;0EAS_CHB_NA18534_R;0EAS_KHV_HG02018_L;1AMR_CLM_HG01352_R;0EAS_KHV_HG01596_R;0EAS_KHV_HG02018_R;0AMR_PUR_HG00732_R;0EUR_IBS_HG01505_L;0EAS_KHV_HG02059_L;0SAS_ITU_HG04217_L;0EAS_CHS_HG00513_L;0EUR_AKJ_NA24385_R;PanTro6		2	0.4	99be22cdc21879cb295070a46216993657204fcf5cbc206c890c10a389283cd5	-2060.01	success	1	0.05	6f6c467e092f9e06e1b94eba771759e82a646ceb0ac3c61914f55d5cdf2f7a6e	-2058.08	success	3	2.5	a4520bef7a447410ae88d628588b66741d686afc5f78ded805d81f7caa43bf63	-2058.08	success	5	0.8	e2ccc60477b69e9faa26abc404e3333fa312950675d98d48a4d3f767986dd1b4	-2058.08	success	3.50663	0	999	999	0.80522	0	0.19478	2	0.4	91c05e47ecd3723d63c56be79406ad98f8544c25b21bc461273e65d9efe40670	-2058.09	success	3.5066	0	999	999	0.80522	0	0.19478	1	0.05	33cde98b3897909b6062dd68627bcb98ee67b401c05a5cd21d8b0789c306e010	-2058.08	success	3.50661	0	999	999	0.80522	0	0.19478	3	2.5	6a2db70c9f868845727f94edf09a70d23b00c54089eda4ca474f401d891c926a	-2058.08	success	3.5066	0	999	999	0.80522	0	0.19478	5	0.8	559b84b921bfc3e8001537ebb47a89233e56121f87d6e1b616cda1ccb42424da	-2058.08	success	6f6c467e092f9e06e1b94eba771759e82a646ceb0ac3c61914f55d5cdf2f7a6e	6a2db70c9f868845727f94edf09a70d23b00c54089eda4ca474f401d891c926a	s2_pur	s3_pos
chr8_7301024_12598379	FAM90A18_ENST00000647769.1	success										1	1	0	0.61891	0	0.38109	0	0	0.0001	3.71976	-2025.03	-2025.03	83	83	83	True	True	0AFR_ACB_HG02011_L;0AFR_MSL_HG03065_R;0AFR_ESN_HG03371_L;0AFR_GWD_HG02818_R;0AFR_GWD_HG02587_L;0AFR_ESN_HG03125_L;0AFR_MSL_HG03065_L;0AFR_LWK_NA19036_L;1AFR_ESN_HG03371_R;1AFR_ESN_HG03125_R;1AFR_YRI_NA19239_R;1AFR_LWK_NA19434_L;1AFR_ACB_HG02011_R;1AFR_YRI_NA19239_L;1AFR_GWD_HG02818_L;1AFR_ASW_NA19983_L;1AFR_LWK_NA19036_R;0AMR_CLM_HG01352_L;1SAS_ITU_HG03732_R;1SAS_ITU_HG03732_L;0EUR_GBR_HG00096_R;1EUR_CEU_NA12878_R;1EUR_FIN_HG00171_R;1AMR_CLM_HG01114_R;1AMR_PEL_HG01573_R;1EUR_AKJ_NA24385_L;1EUR_FIN_HG00268_L;1AMR_PUR_HG00732_L;1AMR_MXL_NA19650_L;1AMR_PUR_HG00731_L;1EUR_FIN_HG00268_R;1AMR_MXL_NA19650_R;1EUR_CEU_NA12878_L;1EUR_TSI_NA20509_R;1AMR_PUR_HG00731_R;0EUR_IBS_HG01505_R;1EUR_FIN_HG00171_L;1SAS_BEB_HG03009_L;1EUR_CEU_NA12329_L;1AFR_ASW_NA19983_R;1SAS_ITU_HG04217_R;1SAS_BEB_HG03009_R;1SAS_PJL_HG02492_R;1AFR_LWK_NA19434_R;1AFR_YRI_NA19238_L;1AFR_MSL_HG03486_L;1AFR_YRI_NA19238_R;1AFR_MSL_HG03486_R;0AFR_GWD_HG02587_R;1EAS_JPT_NA18939_R;0AMR_CLM_HG01114_L;0EAS_CDX_HG00864_L;0AMR_PEL_HG02106_L;0SAS_GIH_NA20847_L;0SAS_STU_HG03683_R;1EAS_CHS_HG00513_R;0AMR_PEL_HG01573_L;0AMR_PEL_HG02106_R;0EUR_TSI_NA20509_L;0SAS_STU_HG03683_L;0EAS_CDX_HG00864_R;0EAS_CHB_NA18534_L;0EAS_CHS_HG00512_R;0EAS_CHS_HG00512_L;0EUR_CEU_NA12329_R;0EAS_KHV_HG02059_R;1EUR_GBR_HG00096_L;0EAS_JPT_NA18939_L;0SAS_PJL_HG02492_L;0EAS_KHV_HG01596_L;0SAS_GIH_NA20847_R;0EAS_CHB_NA18534_R;0EAS_KHV_HG02018_L;1AMR_CLM_HG01352_R;0EAS_KHV_HG01596_R;0EAS_KHV_HG02018_R;0AMR_PUR_HG00732_R;0EUR_IBS_HG01505_L;0EAS_KHV_HG02059_L;0SAS_ITU_HG04217_L;0EAS_CHS_HG00513_L;0EUR_AKJ_NA24385_R;PanTro6		2	0.4	cbcb8c5ddaf313c4a6df9f5175df187cbeeaecc52837668bee2f8abdd3f1a17d	-2025.03	success	1	0.05	16a1a5fcf5437d662d7195db9318d0e245ff9f81c2711094e296d46fe3b0bde6	-2026.17	success	3	2.5	b0653fa3ea5e8dc21c9ed64cf19438840bb08ec34f5a68eadcc0accaaa32f58c	-2026.17	success	5	0.8	d7a4aad31eef1d73fc3afd3569126be6cd7d7f25f9312761e70e636be8dffd84	-2025.03	success	3.71976	0	0	0.0001	0.61891	0	0.38109	2	0.4	0e009d71ae37851f34ae5441125c9c167f2ccfa8dc57d63d99e67535b59b4089	-2025.03	success	3.4748	1	0	0.0001	1	0	0	1	0.05	c6d9089a3feddf7b8daead818f9662100c7987fb3dec7b7613dbc268d695035c	-2026.17	success	3.71976	0	0	0.0001	0.61891	1e-05	0.38108	3	2.5	7f024ae452e0053a65c8ef9ca652d07d28a4d515bc8bb6339ac20ad80beb7974	-2025.03	success	3.71976	0	0	0.0001	0.61891	0	0.38109	5	0.8	1897d29952574750806d829b93bfeaabfc4a49c355692d81ea87e13bf9bdd848	-2025.03	success	d7a4aad31eef1d73fc3afd3569126be6cd7d7f25f9312761e70e636be8dffd84	0e009d71ae37851f34ae5441125c9c167f2ccfa8dc57d63d99e67535b59b4089	s4_mix	s1_def
chr8_7301024_12598379	FAM90A19_ENST00000647903.1	success										1	1	0	0.73753	0	0.26247	0	999	999	3.53891	-2072.84	-2072.84	83	83	83	True	True	0AFR_ACB_HG02011_L;0AFR_MSL_HG03065_R;0AFR_ESN_HG03371_L;0AFR_GWD_HG02818_R;0AFR_GWD_HG02587_L;0AFR_ESN_HG03125_L;0AFR_MSL_HG03065_L;0AFR_LWK_NA19036_L;1AFR_ESN_HG03371_R;1AFR_ESN_HG03125_R;1AFR_YRI_NA19239_R;1AFR_LWK_NA19434_L;1AFR_ACB_HG02011_R;1AFR_YRI_NA19239_L;1AFR_GWD_HG02818_L;1AFR_ASW_NA19983_L;1AFR_LWK_NA19036_R;0AMR_CLM_HG01352_L;1SAS_ITU_HG03732_R;1SAS_ITU_HG03732_L;0EUR_GBR_HG00096_R;1EUR_CEU_NA12878_R;1EUR_FIN_HG00171_R;1AMR_CLM_HG01114_R;1AMR_PEL_HG01573_R;1EUR_AKJ_NA24385_L;1EUR_FIN_HG00268_L;1AMR_PUR_HG00732_L;1AMR_MXL_NA19650_L;1AMR_PUR_HG00731_L;1EUR_FIN_HG00268_R;1AMR_MXL_NA19650_R;1EUR_CEU_NA12878_L;1EUR_TSI_NA20509_R;1AMR_PUR_HG00731_R;0EUR_IBS_HG01505_R;1EUR_FIN_HG00171_L;1SAS_BEB_HG03009_L;1EUR_CEU_NA12329_L;1AFR_ASW_NA19983_R;1SAS_ITU_HG04217_R;1SAS_BEB_HG03009_R;1SAS_PJL_HG02492_R;1AFR_LWK_NA19434_R;1AFR_YRI_NA19238_L;1AFR_MSL_HG03486_L;1AFR_YRI_NA19238_R;1AFR_MSL_HG03486_R;0AFR_GWD_HG02587_R;1EAS_JPT_NA18939_R;0AMR_CLM_HG01114_L;0EAS_CDX_HG00864_L;0AMR_PEL_HG02106_L;0SAS_GIH_NA20847_L;0SAS_STU_HG03683_R;1EAS_CHS_HG00513_R;0AMR_PEL_HG01573_L;0AMR_PEL_HG02106_R;0EUR_TSI_NA20509_L;0SAS_STU_HG03683_L;0EAS_CDX_HG00864_R;0EAS_CHB_NA18534_L;0EAS_CHS_HG00512_R;0EAS_CHS_HG00512_L;0EUR_CEU_NA12329_R;0EAS_KHV_HG02059_R;1EUR_GBR_HG00096_L;0EAS_JPT_NA18939_L;0SAS_PJL_HG02492_L;0EAS_KHV_HG01596_L;0SAS_GIH_NA20847_R;0EAS_CHB_NA18534_R;0EAS_KHV_HG02018_L;1AMR_CLM_HG01352_R;0EAS_KHV_HG01596_R;0EAS_KHV_HG02018_R;0AMR_PUR_HG00732_R;0EUR_IBS_HG01505_L;0EAS_KHV_HG02059_L;0SAS_ITU_HG04217_L;0EAS_CHS_HG00513_L;0EUR_AKJ_NA24385_R;PanTro6		2	0.4	b272028b9db03bb16e950c66a363fc11aeb870f8c360df22a83ae31f43b5d97c	-2074.43	success	1	0.05	7c520336b05669ef13ba9994af85abbb9553f21daaade487cde540f98f882bfc	-2072.84	success	3	2.5	4ab31b6bd44f329bca6e1774edafb408f7cbdbdeaddcaea7648881ced87b61f6	-2072.84	success	5	0.8	d0a19cc573a2b1ae8132a267b7f3f5e40518d048f87dbe83333a25efbb48412e	-2072.84	success	3.53891	0	999	773.828	0.73753	0	0.26247	2	0.4	31e09133006290269c99b99d18f056dad553c3dfc037d34aefa7f4d0e2b6cdb3	-2072.84	success	3.29939	0	0	0.0001	0	1	0	1	0.05	0053994077f6a66b4b27912ba1d118a4d7d105468cc84c65da2042c426fb61b9	-2074.43	success	3.53891	0	999	999	0.73753	0	0.26247	3	2.5	fad91f5c847606a640b2cc0fd3ace5c908780fc5b6e85c8dbfa1111769b00931	-2072.84	success	3.53891	0	999	999	0.73753	0	0.26247	5	0.8	c49692dcdf01ca4a1ccdc9805c71848a5366ff048372b27c85d5b46ce3f5a30f	-2072.84	success	4ab31b6bd44f329bca6e1774edafb408f7cbdbdeaddcaea7648881ced87b61f6	fad91f5c847606a640b2cc0fd3ace5c908780fc5b6e85c8dbfa1111769b00931	s3_pos	s3_pos
chr8_7301024_12598379	FAM90A8_ENST00000647775.1	success										1	1	0	0.75726	0	0.24274	0	999	999	3.19739	-2073.28	-2073.28	83	83	83	True	True	0AFR_ACB_HG02011_L;0AFR_MSL_HG03065_R;0AFR_ESN_HG03371_L;0AFR_GWD_HG02818_R;0AFR_GWD_HG02587_L;0AFR_ESN_HG03125_L;0AFR_MSL_HG03065_L;0AFR_LWK_NA19036_L;1AFR_ESN_HG03371_R;1AFR_ESN_HG03125_R;1AFR_YRI_NA19239_R;1AFR_LWK_NA19434_L;1AFR_ACB_HG02011_R;1AFR_YRI_NA19239_L;1AFR_GWD_HG02818_L;1AFR_ASW_NA19983_L;1AFR_LWK_NA19036_R;0AMR_CLM_HG01352_L;1SAS_ITU_HG03732_R;1SAS_ITU_HG03732_L;0EUR_GBR_HG00096_R;1EUR_CEU_NA12878_R;1EUR_FIN_HG00171_R;1AMR_CLM_HG01114_R;1AMR_PEL_HG01573_R;1EUR_AKJ_NA24385_L;1EUR_FIN_HG00268_L;1AMR_PUR_HG00732_L;1AMR_MXL_NA19650_L;1AMR_PUR_HG00731_L;1EUR_FIN_HG00268_R;1AMR_MXL_NA19650_R;1EUR_CEU_NA12878_L;1EUR_TSI_NA20509_R;1AMR_PUR_HG00731_R;0EUR_IBS_HG01505_R;1EUR_FIN_HG00171_L;1SAS_BEB_HG03009_L;1EUR_CEU_NA12329_L;1AFR_ASW_NA19983_R;1SAS_ITU_HG04217_R;1SAS_BEB_HG03009_R;1SAS_PJL_HG02492_R;1AFR_LWK_NA19434_R;1AFR_YRI_NA19238_L;1AFR_MSL_HG03486_L;1AFR_YRI_NA19238_R;1AFR_MSL_HG03486_R;0AFR_GWD_HG02587_R;1EAS_JPT_NA18939_R;0AMR_CLM_HG01114_L;0EAS_CDX_HG00864_L;0AMR_PEL_HG02106_L;0SAS_GIH_NA20847_L;0SAS_STU_HG03683_R;1EAS_CHS_HG00513_R;0AMR_PEL_HG01573_L;0AMR_PEL_HG02106_R;0EUR_TSI_NA20509_L;0SAS_STU_HG03683_L;0EAS_CDX_HG00864_R;0EAS_CHB_NA18534_L;0EAS_CHS_HG00512_R;0EAS_CHS_HG00512_L;0EUR_CEU_NA12329_R;0EAS_KHV_HG02059_R;1EUR_GBR_HG00096_L;0EAS_JPT_NA18939_L;0SAS_PJL_HG02492_L;0EAS_KHV_HG01596_L;0SAS_GIH_NA20847_R;0EAS_CHB_NA18534_R;0EAS_KHV_HG02018_L;1AMR_CLM_HG01352_R;0EAS_KHV_HG01596_R;0EAS_KHV_HG02018_R;0AMR_PUR_HG00732_R;0EUR_IBS_HG01505_L;0EAS_KHV_HG02059_L;0SAS_ITU_HG04217_L;0EAS_CHS_HG00513_L;0EUR_AKJ_NA24385_R;PanTro6		2	0.4	627c25b2c2734e76e865394ecacdd27d8f7998a4b6a1eb2d02272b71d2408b8e	-2073.28	success	1	0.05	8db7c0d983b6a8e62363299cd20e76a3c78246c4758f5991c40721600b7baa3e	-2073.28	success	3	2.5	556abe057dfabb4471933cdd3f7f729b2802181cbd718b7f5316dce7a3964952	-2073.28	success	5	0.8	725688ad7f595def769ffaab754b8fd2f36e04ddb5241b196b744f598c1da3ba	-2073.28	success	3.19739	0	999	999	0.75726	0	0.24274	2	0.4	d15344fc12518adbd5956f1a18e7b1e7a0f2ab87e2e02f06f949de6ae3b9e70f	-2073.28	success	2.98072	1	0	0.0001	0.99921	0.00079	0	1	0.05	a197b4d3de6a966040b9e1a200fe54a65efdd01b511ae90999a0d9bdd5ea3607	-2074.99	success	3.19739	0	999	999	0.75726	0	0.24274	3	2.5	701bd2a0ad0d1eea601b83f2827be42da20a7ad770945cc86193819dac04ad5d	-2073.28	success	3.19739	0	999	999	0.75726	0	0.24274	5	0.8	1b481d9ee371ce865988e5b36839178e2c9565365913916387ab8d9b56467eed	-2073.28	success	627c25b2c2734e76e865394ecacdd27d8f7998a4b6a1eb2d02272b71d2408b8e	701bd2a0ad0d1eea601b83f2827be42da20a7ad770945cc86193819dac04ad5d	s1_def	s3_pos
chr8_7301024_12598379	FAM90A9_ENST00000648344.1	success										1	1	0	0.67747	0	0.32253	0	0	0.0001	3.83232	-2014.23	-2014.23	83	83	83	True	True	0AFR_ACB_HG02011_L;0AFR_MSL_HG03065_R;0AFR_ESN_HG03371_L;0AFR_GWD_HG02818_R;0AFR_GWD_HG02587_L;0AFR_ESN_HG03125_L;0AFR_MSL_HG03065_L;0AFR_LWK_NA19036_L;1AFR_ESN_HG03371_R;1AFR_ESN_HG03125_R;1AFR_YRI_NA19239_R;1AFR_LWK_NA19434_L;1AFR_ACB_HG02011_R;1AFR_YRI_NA19239_L;1AFR_GWD_HG02818_L;1AFR_ASW_NA19983_L;1AFR_LWK_NA19036_R;0AMR_CLM_HG01352_L;1SAS_ITU_HG03732_R;1SAS_ITU_HG03732_L;0EUR_GBR_HG00096_R;1EUR_CEU_NA12878_R;1EUR_FIN_HG00171_R;1AMR_CLM_HG01114_R;1AMR_PEL_HG01573_R;1EUR_AKJ_NA24385_L;1EUR_FIN_HG00268_L;1AMR_PUR_HG00732_L;1AMR_MXL_NA19650_L;1AMR_PUR_HG00731_L;1EUR_FIN_HG00268_R;1AMR_MXL_NA19650_R;1EUR_CEU_NA12878_L;1EUR_TSI_NA20509_R;1AMR_PUR_HG00731_R;0EUR_IBS_HG01505_R;1EUR_FIN_HG00171_L;1SAS_BEB_HG03009_L;1EUR_CEU_NA12329_L;1AFR_ASW_NA19983_R;1SAS_ITU_HG04217_R;1SAS_BEB_HG03009_R;1SAS_PJL_HG02492_R;1AFR_LWK_NA19434_R;1AFR_YRI_NA19238_L;1AFR_MSL_HG03486_L;1AFR_YRI_NA19238_R;1AFR_MSL_HG03486_R;0AFR_GWD_HG02587_R;1EAS_JPT_NA18939_R;0AMR_CLM_HG01114_L;0EAS_CDX_HG00864_L;0AMR_PEL_HG02106_L;0SAS_GIH_NA20847_L;0SAS_STU_HG03683_R;1EAS_CHS_HG00513_R;0AMR_PEL_HG01573_L;0AMR_PEL_HG02106_R;0EUR_TSI_NA20509_L;0SAS_STU_HG03683_L;0EAS_CDX_HG00864_R;0EAS_CHB_NA18534_L;0EAS_CHS_HG00512_R;0EAS_CHS_HG00512_L;0EUR_CEU_NA12329_R;0EAS_KHV_HG02059_R;1EUR_GBR_HG00096_L;0EAS_JPT_NA18939_L;0SAS_PJL_HG02492_L;0EAS_KHV_HG01596_L;0SAS_GIH_NA20847_R;0EAS_CHB_NA18534_R;0EAS_KHV_HG02018_L;1AMR_CLM_HG01352_R;0EAS_KHV_HG01596_R;0EAS_KHV_HG02018_R;0AMR_PUR_HG00732_R;0EUR_IBS_HG01505_L;0EAS_KHV_HG02059_L;0SAS_ITU_HG04217_L;0EAS_CHS_HG00513_L;0EUR_AKJ_NA24385_R;PanTro6		2	0.4	a0fee3b7c11c5bb93b7ddd0f19652ba574918f1ed9a4d2fb709b4eb9b2db7ec3	-2014.23	success	1	0.05	cf3f826f6482d394ed0c18d447c5ed1b3de94da8d237ff5a12f7f0ed72c22458	-2014.23	success	3	2.5	0476cf699056b0796b5f126a0967a097ba2b2b710d1b76bd8de70d78ae009134	-2015.25	success	5	0.8	bc6f3dcd8ecdea37aec9d4ad96c5a5b6f8f79f63cdefbac81f8bccafe1fd4761	-2014.23	success	3.83232	0	0	0.0001	0.67747	0	0.32253	2	0.4	6c3f36e267b00e479836e870458846ab848ca502f849ba0e0408b7a43a0a7cdd	-2014.23	success	3.59391	1	0	0.0001	1	0	0	1	0.05	f9a3dd103730a422955a07d092866429b46be67d947fda2199cb92be50f12cab	-2015.25	success	3.83232	0	0	0.0001	0.67747	0	0.32253	3	2.5	c6a845011c7584da396e6f8daca03786e04e751d8f8d5e07962da71d08d0159c	-2014.23	success	3.59391	0	0	0.0001	0	1	0	5	0.8	d6d8e089342b94ac019b17c2ad2ce6f5c59889e31af8c84a43f83992fd8e2fec	-2015.25	success	bc6f3dcd8ecdea37aec9d4ad96c5a5b6f8f79f63cdefbac81f8bccafe1fd4761	c6a845011c7584da396e6f8daca03786e04e751d8f8d5e07962da71d08d0159c	s4_mix	s3_pos
chr8_7301024_12598379	FDFT1_ENST00000220584.9	success										0.000245624	0.00459599	13.4453	0.99748	1e-05	0.00251	0.00688	0	58.7939	1.68698	-2018.55	-2025.27	83	83	83	True	True	0AFR_ACB_HG02011_L;0AFR_MSL_HG03065_R;0AFR_ESN_HG03371_L;0AFR_GWD_HG02818_R;0AFR_GWD_HG02587_L;0AFR_ESN_HG03125_L;0AFR_MSL_HG03065_L;0AFR_LWK_NA19036_L;1AFR_ESN_HG03371_R;1AFR_ESN_HG03125_R;1AFR_YRI_NA19239_R;1AFR_LWK_NA19434_L;1AFR_ACB_HG02011_R;1AFR_YRI_NA19239_L;1AFR_GWD_HG02818_L;1AFR_ASW_NA19983_L;1AFR_LWK_NA19036_R;0AMR_CLM_HG01352_L;1SAS_ITU_HG03732_R;1SAS_ITU_HG03732_L;0EUR_GBR_HG00096_R;1EUR_CEU_NA12878_R;1EUR_FIN_HG00171_R;1AMR_CLM_HG01114_R;1AMR_PEL_HG01573_R;1EUR_AKJ_NA24385_L;1EUR_FIN_HG00268_L;1AMR_PUR_HG00732_L;1AMR_MXL_NA19650_L;1AMR_PUR_HG00731_L;1EUR_FIN_HG00268_R;1AMR_MXL_NA19650_R;1EUR_CEU_NA12878_L;1EUR_TSI_NA20509_R;1AMR_PUR_HG00731_R;0EUR_IBS_HG01505_R;1EUR_FIN_HG00171_L;1SAS_BEB_HG03009_L;1EUR_CEU_NA12329_L;1AFR_ASW_NA19983_R;1SAS_ITU_HG04217_R;1SAS_BEB_HG03009_R;1SAS_PJL_HG02492_R;1AFR_LWK_NA19434_R;1AFR_YRI_NA19238_L;1AFR_MSL_HG03486_L;1AFR_YRI_NA19238_R;1AFR_MSL_HG03486_R;0AFR_GWD_HG02587_R;1EAS_JPT_NA18939_R;0AMR_CLM_HG01114_L;0EAS_CDX_HG00864_L;0AMR_PEL_HG02106_L;0SAS_GIH_NA20847_L;0SAS_STU_HG03683_R;1EAS_CHS_HG00513_R;0AMR_PEL_HG01573_L;0AMR_PEL_HG02106_R;0EUR_TSI_NA20509_L;0SAS_STU_HG03683_L;0EAS_CDX_HG00864_R;0EAS_CHB_NA18534_L;0EAS_CHS_HG00512_R;0EAS_CHS_HG00512_L;0EUR_CEU_NA12329_R;0EAS_KHV_HG02059_R;1EUR_GBR_HG00096_L;0EAS_JPT_NA18939_L;0SAS_PJL_HG02492_L;0EAS_KHV_HG01596_L;0SAS_GIH_NA20847_R;0EAS_CHB_NA18534_R;0EAS_KHV_HG02018_L;1AMR_CLM_HG01352_R;0EAS_KHV_HG01596_R;0EAS_KHV_HG02018_R;0AMR_PUR_HG00732_R;0EUR_IBS_HG01505_L;0EAS_KHV_HG02059_L;0SAS_ITU_HG04217_L;0EAS_CHS_HG00513_L;0EUR_AKJ_NA24385_R;PanTro6		2	0.4	0b1a3dfae3003fff7c864e0fa007b71778bc7771fb9f140c8586b05eb49e90e3	-2025.41	success	1	0.05	559214bb57f84563e935a2f096d305c12569082ab5539f7e419b62b707ad2086	-2033.17	success	3	2.5	c897bf6d7cfdcaa50ee532dad62523ea200a20b16b345eb9df3a2d46f0b2fb03	-2025.27	success	5	0.8	1517c30394679fb84dd31537b9c45b4d203686fa95e98514f107e77c39090824	-2034.01	success	1.52876	0	0.02423	0.0001	0.67895	0.01089	0.31016	2	0.4	8a36b5d08cf3d85d821c5384f1f45112865af77d23d0e0e949a0e4dcf980907f	-2033.39	success	1.52876	0	0.0242	0.0001	0.67876	0.01089	0.31035	1	0.05	cdef6de412a04324045cf7ce0757409620b637753990d18e47a9ab942f096bcc	-2033.69	success	1.68646	0.00689	0	58.7584	0.99749	0	0.00251	3	2.5	75dbeb5e4661e4636a647c85dcc0ecb7815291fcbadeef53c13f484509caa317	-2019.35	success	1.68698	0.00688	0	58.7939	0.99748	1e-05	0.00251	5	0.8	43e87ad3f016169c8ec091ac71f0f94794c697acf29495a34d62702cda6c4048	-2018.55	success	c897bf6d7cfdcaa50ee532dad62523ea200a20b16b345eb9df3a2d46f0b2fb03	43e87ad3f016169c8ec091ac71f0f94794c697acf29495a34d62702cda6c4048	s3_pos	s4_mix
chr8_7301024_12598379	GATA4_ENST00000532059.6	success										0.87336	1	0.025406	0.99187	0	0.00813	0	52.6448	63.0529	16.5128	-1835.91	-1835.93	83	83	83	True	True	0AFR_ACB_HG02011_L;0AFR_MSL_HG03065_R;0AFR_ESN_HG03371_L;0AFR_GWD_HG02818_R;0AFR_GWD_HG02587_L;0AFR_ESN_HG03125_L;0AFR_MSL_HG03065_L;0AFR_LWK_NA19036_L;1AFR_ESN_HG03371_R;1AFR_ESN_HG03125_R;1AFR_YRI_NA19239_R;1AFR_LWK_NA19434_L;1AFR_ACB_HG02011_R;1AFR_YRI_NA19239_L;1AFR_GWD_HG02818_L;1AFR_ASW_NA19983_L;1AFR_LWK_NA19036_R;0AMR_CLM_HG01352_L;1SAS_ITU_HG03732_R;1SAS_ITU_HG03732_L;0EUR_GBR_HG00096_R;1EUR_CEU_NA12878_R;1EUR_FIN_HG00171_R;1AMR_CLM_HG01114_R;1AMR_PEL_HG01573_R;1EUR_AKJ_NA24385_L;1EUR_FIN_HG00268_L;1AMR_PUR_HG00732_L;1AMR_MXL_NA19650_L;1AMR_PUR_HG00731_L;1EUR_FIN_HG00268_R;1AMR_MXL_NA19650_R;1EUR_CEU_NA12878_L;1EUR_TSI_NA20509_R;1AMR_PUR_HG00731_R;0EUR_IBS_HG01505_R;1EUR_FIN_HG00171_L;1SAS_BEB_HG03009_L;1EUR_CEU_NA12329_L;1AFR_ASW_NA19983_R;1SAS_ITU_HG04217_R;1SAS_BEB_HG03009_R;1SAS_PJL_HG02492_R;1AFR_LWK_NA19434_R;1AFR_YRI_NA19238_L;1AFR_MSL_HG03486_L;1AFR_YRI_NA19238_R;1AFR_MSL_HG03486_R;0AFR_GWD_HG02587_R;1EAS_JPT_NA18939_R;0AMR_CLM_HG01114_L;0EAS_CDX_HG00864_L;0AMR_PEL_HG02106_L;0SAS_GIH_NA20847_L;0SAS_STU_HG03683_R;1EAS_CHS_HG00513_R;0AMR_PEL_HG01573_L;0AMR_PEL_HG02106_R;0EUR_TSI_NA20509_L;0SAS_STU_HG03683_L;0EAS_CDX_HG00864_R;0EAS_CHB_NA18534_L;0EAS_CHS_HG00512_R;0EAS_CHS_HG00512_L;0EUR_CEU_NA12329_R;0EAS_KHV_HG02059_R;1EUR_GBR_HG00096_L;0EAS_JPT_NA18939_L;0SAS_PJL_HG02492_L;0EAS_KHV_HG01596_L;0SAS_GIH_NA20847_R;0EAS_CHB_NA18534_R;0EAS_KHV_HG02018_L;1AMR_CLM_HG01352_R;0EAS_KHV_HG01596_R;0EAS_KHV_HG02018_R;0AMR_PUR_HG00732_R;0EUR_IBS_HG01505_L;0EAS_KHV_HG02059_L;0SAS_ITU_HG04217_L;0EAS_CHS_HG00513_L;0EUR_AKJ_NA24385_R;PanTro6		2	0.4	b6f93ff5afaee6b3af33ec7d76aea1988a1fcb52e84176338a5d503098595791	-1857.04	success	1	0.05	ad68f203b023f25d4fc28bda04cb5d37df5371e782d6ccbf8c57879c96ad6ec9	-1857.04	success	3	2.5	4767fd3811753ca35747a606b44c9cab426bdfd6087cc67be6881b57d99a6f80	-1835.93	success	5	0.8	6d1239975e55cd521ff254a570593a69b9cd89e772ed34015b88c4d2b3add9bd	-1835.93	success	16.5128	0	52.6448	63.0529	0.99187	0	0.00813	2	0.4	f7c371a4b4b7fd41ac908b6fc4cd2d826986b8396d01862bfce52cc2fb6fb53d	-1835.91	success	16.7842	1	0	0.0001	0.04088	0	0.95912	1	0.05	1ecbccf2d6efb0c9151f41ea03e376580d632b667b1e9b68950ff7978bbb929b	-1857.04	success	16.5108	0	52.6752	63.0718	0.99187	0	0.00812	3	2.5	f98b083eccdc794ccad9ac66762e781c9867255ec46df3e3723d126684c768d6	-1835.91	success	16.5195	0	52.6007	63.0561	0.99187	0	0.00812	5	0.8	4f6b90d2a4ba9a44a21a4d9f8e257686bb5eb7beaabf028fa346b2c997f36d0c	-1835.91	success	4767fd3811753ca35747a606b44c9cab426bdfd6087cc67be6881b57d99a6f80	f7c371a4b4b7fd41ac908b6fc4cd2d826986b8396d01862bfce52cc2fb6fb53d	s3_pos	s1_def
chr8_7301024_12598379	MSRA_ENST00000317173.9	success										1	1	0	0	0	1	0	0	0.0001	0.40263	-983.68	-983.68	83	83	83	True	True	0AFR_ACB_HG02011_L;0AFR_MSL_HG03065_R;0AFR_ESN_HG03371_L;0AFR_GWD_HG02818_R;0AFR_GWD_HG02587_L;0AFR_ESN_HG03125_L;0AFR_MSL_HG03065_L;0AFR_LWK_NA19036_L;1AFR_ESN_HG03371_R;1AFR_ESN_HG03125_R;1AFR_YRI_NA19239_R;1AFR_LWK_NA19434_L;1AFR_ACB_HG02011_R;1AFR_YRI_NA19239_L;1AFR_GWD_HG02818_L;1AFR_ASW_NA19983_L;1AFR_LWK_NA19036_R;0AMR_CLM_HG01352_L;1SAS_ITU_HG03732_R;1SAS_ITU_HG03732_L;0EUR_GBR_HG00096_R;1EUR_CEU_NA12878_R;1EUR_FIN_HG00171_R;1AMR_CLM_HG01114_R;1AMR_PEL_HG01573_R;1EUR_AKJ_NA24385_L;1EUR_FIN_HG00268_L;1AMR_PUR_HG00732_L;1AMR_MXL_NA19650_L;1AMR_PUR_HG00731_L;1EUR_FIN_HG00268_R;1AMR_MXL_NA19650_R;1EUR_CEU_NA12878_L;1EUR_TSI_NA20509_R;1AMR_PUR_HG00731_R;0EUR_IBS_HG01505_R;1EUR_FIN_HG00171_L;1SAS_BEB_HG03009_L;1EUR_CEU_NA12329_L;1AFR_ASW_NA19983_R;1SAS_ITU_HG04217_R;1SAS_BEB_HG03009_R;1SAS_PJL_HG02492_R;1AFR_LWK_NA19434_R;1AFR_YRI_NA19238_L;1AFR_MSL_HG03486_L;1AFR_YRI_NA19238_R;1AFR_MSL_HG03486_R;0AFR_GWD_HG02587_R;1EAS_JPT_NA18939_R;0AMR_CLM_HG01114_L;0EAS_CDX_HG00864_L;0AMR_PEL_HG02106_L;0SAS_GIH_NA20847_L;0SAS_STU_HG03683_R;1EAS_CHS_HG00513_R;0AMR_PEL_HG01573_L;0AMR_PEL_HG02106_R;0EUR_TSI_NA20509_L;0SAS_STU_HG03683_L;0EAS_CDX_HG00864_R;0EAS_CHB_NA18534_L;0EAS_CHS_HG00512_R;0EAS_CHS_HG00512_L;0EUR_CEU_NA12329_R;0EAS_KHV_HG02059_R;1EUR_GBR_HG00096_L;0EAS_JPT_NA18939_L;0SAS_PJL_HG02492_L;0EAS_KHV_HG01596_L;0SAS_GIH_NA20847_R;0EAS_CHB_NA18534_R;0EAS_KHV_HG02018_L;1AMR_CLM_HG01352_R;0EAS_KHV_HG01596_R;0EAS_KHV_HG02018_R;0AMR_PUR_HG00732_R;0EUR_IBS_HG01505_L;0EAS_KHV_HG02059_L;0SAS_ITU_HG04217_L;0EAS_CHS_HG00513_L;0EUR_AKJ_NA24385_R;PanTro6		2	0.4	6e6c05d21101a8f4759a3225615f8ee1cdc1b66810f486d4fb6abff4db3f7da1	-983.68	success	1	0.05	7c0bd9190a5f2f9bfec3d18f090b2fd2d3c563c0c937cfc5316c7ae7eb7c96c6	-983.68	success	3	2.5	de7982661ffeaad2c803949445a6b91a1e6bc0bc9d3c324690a3a6bffb357d67	-983.68	success	5	0.8	e1e3ef5a09c20c0a6ec443a5ebcf2f9f49467602b98ec864e52b929b48e69751	-983.68	success	0.50096	0	0	116.52	0	1	0	2	0.4	3fa759eb4512be991c57ec976feed14694b2b035ecb05f1d4a4ea27ed7c42975	-985.452	success	0.40263	0	0	0.0001	0	0	1	1	0.05	4b58d5a6b679f17b5fdbdeec946cc409c979ab44343fd5b12a3e0a7d69803b92	-983.68	success	0.40281	0	0	3.71389	0	0	1	3	2.5	84f3fc00bbebcf3e5b3e922100e309b39aa8914f9d98fb75a5e0e425970928b2	-983.682	success	0.40262	0	0	0.0001	0	0	1	5	0.8	2dc7e0a25ab385af6caa1ee71bc97c2dbad9b8f23be370ba55d43439f578644b	-983.68	success	6e6c05d21101a8f4759a3225615f8ee1cdc1b66810f486d4fb6abff4db3f7da1	4b58d5a6b679f17b5fdbdeec946cc409c979ab44343fd5b12a3e0a7d69803b92	s1_def	s2_pur
chr8_7301024_12598379	MTMR9_ENST00000221086.8	success										0.488712	1	0.47936	0.99793	0	0.00207	0	52.6429	0.0001	0.77387	-2438.53	-2438.77	83	83	83	True	True	0AFR_ACB_HG02011_L;0AFR_MSL_HG03065_R;0AFR_ESN_HG03371_L;0AFR_GWD_HG02818_R;0AFR_GWD_HG02587_L;0AFR_ESN_HG03125_L;0AFR_MSL_HG03065_L;0AFR_LWK_NA19036_L;1AFR_ESN_HG03371_R;1AFR_ESN_HG03125_R;1AFR_YRI_NA19239_R;1AFR_LWK_NA19434_L;1AFR_ACB_HG02011_R;1AFR_YRI_NA19239_L;1AFR_GWD_HG02818_L;1AFR_ASW_NA19983_L;1AFR_LWK_NA19036_R;0AMR_CLM_HG01352_L;1SAS_ITU_HG03732_R;1SAS_ITU_HG03732_L;0EUR_GBR_HG00096_R;1EUR_CEU_NA12878_R;1EUR_FIN_HG00171_R;1AMR_CLM_HG01114_R;1AMR_PEL_HG01573_R;1EUR_AKJ_NA24385_L;1EUR_FIN_HG00268_L;1AMR_PUR_HG00732_L;1AMR_MXL_NA19650_L;1AMR_PUR_HG00731_L;1EUR_FIN_HG00268_R;1AMR_MXL_NA19650_R;1EUR_CEU_NA12878_L;1EUR_TSI_NA20509_R;1AMR_PUR_HG00731_R;0EUR_IBS_HG01505_R;1EUR_FIN_HG00171_L;1SAS_BEB_HG03009_L;1EUR_CEU_NA12329_L;1AFR_ASW_NA19983_R;1SAS_ITU_HG04217_R;1SAS_BEB_HG03009_R;1SAS_PJL_HG02492_R;1AFR_LWK_NA19434_R;1AFR_YRI_NA19238_L;1AFR_MSL_HG03486_L;1AFR_YRI_NA19238_R;1AFR_MSL_HG03486_R;0AFR_GWD_HG02587_R;1EAS_JPT_NA18939_R;0AMR_CLM_HG01114_L;0EAS_CDX_HG00864_L;0AMR_PEL_HG02106_L;0SAS_GIH_NA20847_L;0SAS_STU_HG03683_R;1EAS_CHS_HG00513_R;0AMR_PEL_HG01573_L;0AMR_PEL_HG02106_R;0EUR_TSI_NA20509_L;0SAS_STU_HG03683_L;0EAS_CDX_HG00864_R;0EAS_CHB_NA18534_L;0EAS_CHS_HG00512_R;0EAS_CHS_HG00512_L;0EUR_CEU_NA12329_R;0EAS_KHV_HG02059_R;1EUR_GBR_HG00096_L;0EAS_JPT_NA18939_L;0SAS_PJL_HG02492_L;0EAS_KHV_HG01596_L;0SAS_GIH_NA20847_R;0EAS_CHB_NA18534_R;0EAS_KHV_HG02018_L;1AMR_CLM_HG01352_R;0EAS_KHV_HG01596_R;0EAS_KHV_HG02018_R;0AMR_PUR_HG00732_R;0EUR_IBS_HG01505_L;0EAS_KHV_HG02059_L;0SAS_ITU_HG04217_L;0EAS_CHS_HG00513_L;0EUR_AKJ_NA24385_R;PanTro6		2	0.4	fbb9051fd956a7d8d895c583a33dc1fc913bbeed2ce6e3508f71cb1e3392a136	-2438.77	success	1	0.05	76f6aef226718f3a71531cae9fd77462164146629430ce24af1ef610937fad36	-2443.01	success	3	2.5	b33507093fcd04dbe747662edf64585b6ad855822776fe7367c5615b01daeae8	-2438.98	success	5	0.8	89313b62df8a60e795fa49ed8217448cb70b201922caf77a8b1fda2276a9eb84	-2442.79	success	0.77387	0	52.6429	0.0001	0.99793	0	0.00207	2	0.4	169078380a7b3c69f63adad727f068c2115344ccc4b4e5f6d5919c0c28897744	-2438.53	success	0.75188	0	0	0.0001	0.00492	0.00943	0.98565	1	0.05	5ff892d15f7c14b5372916df20ac1c3fbc72650a6bb265a8c71b15fbf6bf6a40	-2442.79	success	0.77384	0	52.6334	0.0001	0.99793	0	0.00207	3	2.5	357e18082f94a9ac61429e72f70c8829273d0bcf0deab142d53bbce3ded2c605	-2438.53	success	0.77382	0	52.6569	0.0001	0.99793	0	0.00207	5	0.8	56dbc85b96fcd14a7611748c103cc9ec40c12473e277a88ae219d58b486d3b5e	-2438.53	success	fbb9051fd956a7d8d895c583a33dc1fc913bbeed2ce6e3508f71cb1e3392a136	169078380a7b3c69f63adad727f068c2115344ccc4b4e5f6d5919c0c28897744	s1_def	s1_def
chr8_7301024_12598379	NEIL2_ENST00000284503.7	success										0.0980867	0.614262	2.73638	0.98844	0	0.01156	0.06352	118.934	15.5351	8.46529	-1553.11	-1554.47	83	83	83	True	True	0AFR_ACB_HG02011_L;0AFR_MSL_HG03065_R;0AFR_ESN_HG03371_L;0AFR_GWD_HG02818_R;0AFR_GWD_HG02587_L;0AFR_ESN_HG03125_L;0AFR_MSL_HG03065_L;0AFR_LWK_NA19036_L;1AFR_ESN_HG03371_R;1AFR_ESN_HG03125_R;1AFR_YRI_NA19239_R;1AFR_LWK_NA19434_L;1AFR_ACB_HG02011_R;1AFR_YRI_NA19239_L;1AFR_GWD_HG02818_L;1AFR_ASW_NA19983_L;1AFR_LWK_NA19036_R;0AMR_CLM_HG01352_L;1SAS_ITU_HG03732_R;1SAS_ITU_HG03732_L;0EUR_GBR_HG00096_R;1EUR_CEU_NA12878_R;1EUR_FIN_HG00171_R;1AMR_CLM_HG01114_R;1AMR_PEL_HG01573_R;1EUR_AKJ_NA24385_L;1EUR_FIN_HG00268_L;1AMR_PUR_HG00732_L;1AMR_MXL_NA19650_L;1AMR_PUR_HG00731_L;1EUR_FIN_HG00268_R;1AMR_MXL_NA19650_R;1EUR_CEU_NA12878_L;1EUR_TSI_NA20509_R;1AMR_PUR_HG00731_R;0EUR_IBS_HG01505_R;1EUR_FIN_HG00171_L;1SAS_BEB_HG03009_L;1EUR_CEU_NA12329_L;1AFR_ASW_NA19983_R;1SAS_ITU_HG04217_R;1SAS_BEB_HG03009_R;1SAS_PJL_HG02492_R;1AFR_LWK_NA19434_R;1AFR_YRI_NA19238_L;1AFR_MSL_HG03486_L;1AFR_YRI_NA19238_R;1AFR_MSL_HG03486_R;0AFR_GWD_HG02587_R;1EAS_JPT_NA18939_R;0AMR_CLM_HG01114_L;0EAS_CDX_HG00864_L;0AMR_PEL_HG02106_L;0SAS_GIH_NA20847_L;0SAS_STU_HG03683_R;1EAS_CHS_HG00513_R;0AMR_PEL_HG01573_L;0AMR_PEL_HG02106_R;0EUR_TSI_NA20509_L;0SAS_STU_HG03683_L;0EAS_CDX_HG00864_R;0EAS_CHB_NA18534_L;0EAS_CHS_HG00512_R;0EAS_CHS_HG00512_L;0EUR_CEU_NA12329_R;0EAS_KHV_HG02059_R;1EUR_GBR_HG00096_L;0EAS_JPT_NA18939_L;0SAS_PJL_HG02492_L;0EAS_KHV_HG01596_L;0SAS_GIH_NA20847_R;0EAS_CHB_NA18534_R;0EAS_KHV_HG02018_L;1AMR_CLM_HG01352_R;0EAS_KHV_HG01596_R;0EAS_KHV_HG02018_R;0AMR_PUR_HG00732_R;0EUR_IBS_HG01505_L;0EAS_KHV_HG02059_L;0SAS_ITU_HG04217_L;0EAS_CHS_HG00513_L;0EUR_AKJ_NA24385_R;PanTro6		2	0.4	5ed6da751a71b0a11ad75497f405af618373b81817a86d1148d1d355f8cec872	-1555.68	success	1	0.05	b0f36ed63b902bf05310dfaba7c20c40ef434404e2ad9beb03ea21df177c5377	-1578.23	success	3	2.5	103198fb1d65109fb09b6a43e85dd5d12aa6a3766d7569110d701584ce3608bd	-1554.47	success	5	0.8	7283b3abd7cb64192cce21e0991345440ab4d071aeb13e0becfb11a5d93d18be	-1578.23	success	5.85565	0	0	0.0001	0.31395	0.05893	0.62712	2	0.4	ce1d3aa71485d571691fc397680cdd091bd29a2672ef28b7989a70cabc0e7263	-1578.06	success	5.85599	0	0	0.0001	0.11711	0.05892	0.82397	1	0.05	643f442da2be5c6067812c2fc1473804a2dde021bd29905389a9cee2a07d6708	-1578.23	success	8.46529	0.06352	118.934	15.5351	0.98844	0	0.01156	3	2.5	9484c696f85ca6a86730b2569d5cabb2235996af62e1004ac81a465934bb2a01	-1553.11	success	5.85945	0	0	0.0001	0.16905	0.06402	0.76693	5	0.8	aab5e072314515358ae51c275792db64cf47c1035fb5435e1fbe4155793ef088	-1579.17	success	103198fb1d65109fb09b6a43e85dd5d12aa6a3766d7569110d701584ce3608bd	9484c696f85ca6a86730b2569d5cabb2235996af62e1004ac81a465934bb2a01	s3_pos	s3_pos
chr10_79542901_80217413	NUTM2B_ENST00000429828.7	success										0.84952	1	0.035998	0	0.99814	0.00186	0	999	18.7149	11.2363	-3713.83	-3713.85	81	81	81	True	True	0AFR_ACB_HG02011_L;0AFR_ACB_HG02011_R;0AFR_ESN_HG03125_R;0AFR_GWD_HG02818_L;0AFR_YRI_NA19238_R;0AFR_LWK_NA19434_L;0AFR_LWK_NA19036_L;0AFR_YRI_NA19238_L;0AFR_LWK_NA19434_R;0AFR_GWD_HG02587_L;0AFR_MSL_HG03065_R;1AMR_MXL_NA19650_R;1EAS_KHV_HG01596_L;1SAS_ITU_HG04217_R;0AFR_LWK_NA19036_R;0AFR_MSL_HG03486_R;0AMR_CLM_HG01114_L;0AFR_YRI_NA19239_L;0AMR_PUR_HG00731_R;0SAS_GIH_NA20847_R;0AFR_ASW_NA19983_R;0AFR_ESN_HG03371_R;0AMR_PUR_HG00731_L;0AFR_ASW_NA19983_L;0AFR_YRI_NA19239_R;0AFR_MSL_HG03065_L;0AFR_GWD_HG02587_R;0EUR_FIN_HG00268_L;0EUR_GBR_HG00096_R;0AFR_GWD_HG02818_R;0AMR_CLM_HG01352_L;0EUR_TSI_NA20509_R;0AMR_CLM_HG01352_R;0AMR_PEL_HG02106_L;0EAS_CHS_HG00512_L;0SAS_ITU_HG03732_R;0EAS_CHB_NA18534_L;0EUR_CEU_NA12878_L;0SAS_ITU_HG03732_L;0EUR_GBR_HG00096_L;0EUR_IBS_HG01505_R;0AMR_MXL_NA19650_L;0AFR_ESN_HG03371_L;0SAS_STU_HG03683_R;0EAS_CDX_HG00864_L;0EAS_CHB_NA18534_R;0EAS_KHV_HG02018_R;0SAS_STU_HG03683_L;0EAS_CHS_HG00513_L;0EAS_KHV_HG02059_L;0EAS_CDX_HG00864_R;0EAS_JPT_NA18939_L;0EAS_KHV_HG01596_R;0EUR_CEU_NA12329_L;0EAS_CHS_HG00513_R;0AFR_MSL_HG03486_L;0EUR_TSI_NA20509_L;0EAS_JPT_NA18939_R;0SAS_ITU_HG04217_L;0AMR_PEL_HG01573_L;0EAS_KHV_HG02059_R;0EUR_AKJ_NA24385_R;0EAS_CHS_HG00512_R;0AFR_ESN_HG03125_L;0AMR_PUR_HG00732_R;0SAS_GIH_NA20847_L;0AMR_CLM_HG01114_R;0AMR_PEL_HG01573_R;0AMR_PUR_HG00732_L;0EUR_FIN_HG00171_R;0EUR_FIN_HG00171_L;0EUR_CEU_NA12329_R;0EUR_CEU_NA12878_R;0EUR_IBS_HG01505_L;0EUR_FIN_HG00268_R;0SAS_PJL_HG02492_L;0SAS_PJL_HG02492_R;0AMR_PEL_HG02106_R;0EAS_KHV_HG02018_L;0EUR_AKJ_NA24385_L;PanTro6		2	0.4	9bdb4fa497cddf752e5d3bf7a62525c4dbcfb9c3ef1e66242da5844a1803e5f1	-3713.85	success	1	0.05	873802e7c375465514895c381c945637006c64cffc8431850515dd45acb6d124	-3713.86	success	3	2.5	42c7480db2b7142d111f48001f096407f7360667f9782ffab28d330090bef7d9	-3713.85	success	5	0.8	bcf1326dc0dcc4f3b634c7e55d3b9a36471b8691801fda524f67c07446009a2d	-3713.86	success	11.2363	0	999	18.7149	0	0.99814	0.00186	2	0.4	f018cee29cc9d62038aa7c30b0a5b2d81d7e8ea4922eb2f626ddf0afe27d98ae	-3713.83	success	11.2702	0	261.734	999	0	0	1	1	0.05	67b15f000b1b76a3816b14d820e26d9f4fe1a1d0ffaf0e30218190e66d0e72b4	-3713.85	success	11.27	1	521.711	385.743	0	0	1	3	2.5	efaf029f2dd0b7ceecb3e1ffebb4dbea760bd638cac4ce49ea908a22ab79a5e8	-3713.85	success	11.2224	0	1.33017	0.0001	0	1	0	5	0.8	e04735dee707999a349d92f39cf9f453a88c11dbcb727b471b37d0c506a9f4a0	-3713.86	success	9bdb4fa497cddf752e5d3bf7a62525c4dbcfb9c3ef1e66242da5844a1803e5f1	f018cee29cc9d62038aa7c30b0a5b2d81d7e8ea4922eb2f626ddf0afe27d98ae	s1_def	s1_def
chr10_79542901_80217413	NUTM2E_ENST00000429984.5	partial_success													0	1e-05	0.99999	0	446.182	217.045	5.50297	-3781.78	-3781.75	81	81	81	True	True	0AFR_ACB_HG02011_L;0AFR_ACB_HG02011_R;0AFR_ESN_HG03125_R;0AFR_GWD_HG02818_L;0AFR_YRI_NA19238_R;0AFR_LWK_NA19434_L;0AFR_LWK_NA19036_L;0AFR_YRI_NA19238_L;0AFR_LWK_NA19434_R;0AFR_GWD_HG02587_L;0AFR_MSL_HG03065_R;1AMR_MXL_NA19650_R;1EAS_KHV_HG01596_L;1SAS_ITU_HG04217_R;0AFR_LWK_NA19036_R;0AFR_MSL_HG03486_R;0AMR_CLM_HG01114_L;0AFR_YRI_NA19239_L;0AMR_PUR_HG00731_R;0SAS_GIH_NA20847_R;0AFR_ASW_NA19983_R;0AFR_ESN_HG03371_R;0AMR_PUR_HG00731_L;0AFR_ASW_NA19983_L;0AFR_YRI_NA19239_R;0AFR_MSL_HG03065_L;0AFR_GWD_HG02587_R;0EUR_FIN_HG00268_L;0EUR_GBR_HG00096_R;0AFR_GWD_HG02818_R;0AMR_CLM_HG01352_L;0EUR_TSI_NA20509_R;0AMR_CLM_HG01352_R;0AMR_PEL_HG02106_L;0EAS_CHS_HG00512_L;0SAS_ITU_HG03732_R;0EAS_CHB_NA18534_L;0EUR_CEU_NA12878_L;0SAS_ITU_HG03732_L;0EUR_GBR_HG00096_L;0EUR_IBS_HG01505_R;0AMR_MXL_NA19650_L;0AFR_ESN_HG03371_L;0SAS_STU_HG03683_R;0EAS_CDX_HG00864_L;0EAS_CHB_NA18534_R;0EAS_KHV_HG02018_R;0SAS_STU_HG03683_L;0EAS_CHS_HG00513_L;0EAS_KHV_HG02059_L;0EAS_CDX_HG00864_R;0EAS_JPT_NA18939_L;0EAS_KHV_HG01596_R;0EUR_CEU_NA12329_L;0EAS_CHS_HG00513_R;0AFR_MSL_HG03486_L;0EUR_TSI_NA20509_L;0EAS_JPT_NA18939_R;0SAS_ITU_HG04217_L;0AMR_PEL_HG01573_L;0EAS_KHV_HG02059_R;0EUR_AKJ_NA24385_R;0EAS_CHS_HG00512_R;0AFR_ESN_HG03125_L;0AMR_PUR_HG00732_R;0SAS_GIH_NA20847_L;0AMR_CLM_HG01114_R;0AMR_PEL_HG01573_R;0AMR_PUR_HG00732_L;0EUR_FIN_HG00171_R;0EUR_FIN_HG00171_L;0EUR_CEU_NA12329_R;0EUR_CEU_NA12878_R;0EUR_IBS_HG01505_L;0EUR_FIN_HG00268_R;0SAS_PJL_HG02492_L;0SAS_PJL_HG02492_R;0AMR_PEL_HG02106_R;0EAS_KHV_HG02018_L;0EUR_AKJ_NA24385_L;PanTro6	Optimization failure: H1 < H0 (diff=-0.02728)	2	0.4	a0a12642b9d52a5028bda25ec3d2b2ace565c249c108a1bac52a0da824ece8a2	-3781.75	success	1	0.05	54af0ee3e6b510210e0cfb9a6e9004451dfa81b89f9d6d54505108bb59f2f625	-3781.78	success	3	2.5	92fcc42a2d4058469ce337939b4c5ca20db330e06d6121ca264bd05a5dd2256f	-3781.78	success	5	0.8	9cf3f3ebb63645aaa45909fb7cb4b90adc8f664f66cc76326b766c5887339ccc	-3781.78	success	5.50117	0.86595	2.15977	0.52892	1	0	0	2	0.4	12947d3b360a8d04d7116efff92a363a487a4b13e4f4d0b7d99500341bd82f3d	-3781.78	success	5.50117	0.86596	0.67861	0.0001	1	0	0	1	0.05	474ad566272ad650c547b4f7eef286c44151648af8e589b42231d5bc02ec00c9	-3781.78	success	5.59449	0	0	1.32196	0	1	0	3	2.5	7c74e09aa4eb08cf0f44ebc1cf0de4d81c55869397b349f35256aa49a076eb58	-3781.88	success	5.50297	0	446.182	217.045	0	1e-05	0.99999	5	0.8	bb97a47ab3b742ad6dcf2d2d254c9951523f0c57025c64ed670844a2661e4466	-3781.78	success	a0a12642b9d52a5028bda25ec3d2b2ace565c249c108a1bac52a0da824ece8a2	bb97a47ab3b742ad6dcf2d2d254c9951523f0c57025c64ed670844a2661e4466	s1_def	s4_mix
chr10_79542901_80217413	PLAC9_ENST00000372263.4	success										0.150501	0.652172	2.06716	0.9739	0	0.0261	0	0	0.0001	15.182	-395.271	-396.305	81	81	81	True	True	0AFR_ACB_HG02011_L;0AFR_ACB_HG02011_R;0AFR_ESN_HG03125_R;0AFR_GWD_HG02818_L;0AFR_YRI_NA19238_R;0AFR_LWK_NA19434_L;0AFR_LWK_NA19036_L;0AFR_YRI_NA19238_L;0AFR_LWK_NA19434_R;0AFR_GWD_HG02587_L;0AFR_MSL_HG03065_R;1AMR_MXL_NA19650_R;1EAS_KHV_HG01596_L;1SAS_ITU_HG04217_R;0AFR_LWK_NA19036_R;0AFR_MSL_HG03486_R;0AMR_CLM_HG01114_L;0AFR_YRI_NA19239_L;0AMR_PUR_HG00731_R;0SAS_GIH_NA20847_R;0AFR_ASW_NA19983_R;0AFR_ESN_HG03371_R;0AMR_PUR_HG00731_L;0AFR_ASW_NA19983_L;0AFR_YRI_NA19239_R;0AFR_MSL_HG03065_L;0AFR_GWD_HG02587_R;0EUR_FIN_HG00268_L;0EUR_GBR_HG00096_R;0AFR_GWD_HG02818_R;0AMR_CLM_HG01352_L;0EUR_TSI_NA20509_R;0AMR_CLM_HG01352_R;0AMR_PEL_HG02106_L;0EAS_CHS_HG00512_L;0SAS_ITU_HG03732_R;0EAS_CHB_NA18534_L;0EUR_CEU_NA12878_L;0SAS_ITU_HG03732_L;0EUR_GBR_HG00096_L;0EUR_IBS_HG01505_R;0AMR_MXL_NA19650_L;0AFR_ESN_HG03371_L;0SAS_STU_HG03683_R;0EAS_CDX_HG00864_L;0EAS_CHB_NA18534_R;0EAS_KHV_HG02018_R;0SAS_STU_HG03683_L;0EAS_CHS_HG00513_L;0EAS_KHV_HG02059_L;0EAS_CDX_HG00864_R;0EAS_JPT_NA18939_L;0EAS_KHV_HG01596_R;0EUR_CEU_NA12329_L;0EAS_CHS_HG00513_R;0AFR_MSL_HG03486_L;0EUR_TSI_NA20509_L;0EAS_JPT_NA18939_R;0SAS_ITU_HG04217_L;0AMR_PEL_HG01573_L;0EAS_KHV_HG02059_R;0EUR_AKJ_NA24385_R;0EAS_CHS_HG00512_R;0AFR_ESN_HG03125_L;0AMR_PUR_HG00732_R;0SAS_GIH_NA20847_L;0AMR_CLM_HG01114_R;0AMR_PEL_HG01573_R;0AMR_PUR_HG00732_L;0EUR_FIN_HG00171_R;0EUR_FIN_HG00171_L;0EUR_CEU_NA12329_R;0EUR_CEU_NA12878_R;0EUR_IBS_HG01505_L;0EUR_FIN_HG00268_R;0SAS_PJL_HG02492_L;0SAS_PJL_HG02492_R;0AMR_PEL_HG02106_R;0EAS_KHV_HG02018_L;0EUR_AKJ_NA24385_L;PanTro6		2	0.4	b52189e903ff9bb14254c4df94d697059c77390a2d95a26948ebfe29bfcb838e	-396.305	success	1	0.05	6aa150f9ae5058baae948b6a9f2bc1eb2f2775e1b3587bc3ad04e6949139c9b5	-398.239	success	3	2.5	e4d0720f0a3e31a2a155a9eb4e8f86f17d811320dead9991d02f6bdb3572ff64	-396.305	success	5	0.8	e88881712aef9c8cd7fb7d77f0686753fe75ce533b87707474d2c8f6da0e443d	-396.305	success	15.182	0	0	0.0001	0.9739	0	0.0261	2	0.4	008acab2b62bb894b1228dcec0d89f0cff8a7e7453a358fa6e9635adf93f3ae4	-395.271	success	4.56715	1	0	0.0001	0	0	1	1	0.05	4092210f89bbd3f78e177d529a4e1e5552be45a5c42e9f2d80fe4a81c44439dc	-396.305	success	4.56711	0	0	0.0001	0	0	1	3	2.5	a3720f57062ca2dc098f7177f45dcb81bae40b784c357d821a05917a48bec10d	-396.305	success	4.56675	0	0	0.0001	0	0	1	5	0.8	1e2447a1f1f84cdafe018c4993188f345d00f3144c5c5ddf228436db54d76983	-396.306	success	e4d0720f0a3e31a2a155a9eb4e8f86f17d811320dead9991d02f6bdb3572ff64	008acab2b62bb894b1228dcec0d89f0cff8a7e7453a358fa6e9635adf93f3ae4	s3_pos	s1_def
chr8_7301024_12598379	PRSS55_ENST00000328655.8	partial_success													0.98543	0	0.01457	0.30633	999	345.291	3.21211	-1955.68		83	83	83	True	True	0AFR_ACB_HG02011_L;0AFR_MSL_HG03065_R;0AFR_ESN_HG03371_L;0AFR_GWD_HG02818_R;0AFR_GWD_HG02587_L;0AFR_ESN_HG03125_L;0AFR_MSL_HG03065_L;0AFR_LWK_NA19036_L;1AFR_ESN_HG03371_R;1AFR_ESN_HG03125_R;1AFR_YRI_NA19239_R;1AFR_LWK_NA19434_L;1AFR_ACB_HG02011_R;1AFR_YRI_NA19239_L;1AFR_GWD_HG02818_L;1AFR_ASW_NA19983_L;1AFR_LWK_NA19036_R;0AMR_CLM_HG01352_L;1SAS_ITU_HG03732_R;1SAS_ITU_HG03732_L;0EUR_GBR_HG00096_R;1EUR_CEU_NA12878_R;1EUR_FIN_HG00171_R;1AMR_CLM_HG01114_R;1AMR_PEL_HG01573_R;1EUR_AKJ_NA24385_L;1EUR_FIN_HG00268_L;1AMR_PUR_HG00732_L;1AMR_MXL_NA19650_L;1AMR_PUR_HG00731_L;1EUR_FIN_HG00268_R;1AMR_MXL_NA19650_R;1EUR_CEU_NA12878_L;1EUR_TSI_NA20509_R;1AMR_PUR_HG00731_R;0EUR_IBS_HG01505_R;1EUR_FIN_HG00171_L;1SAS_BEB_HG03009_L;1EUR_CEU_NA12329_L;1AFR_ASW_NA19983_R;1SAS_ITU_HG04217_R;1SAS_BEB_HG03009_R;1SAS_PJL_HG02492_R;1AFR_LWK_NA19434_R;1AFR_YRI_NA19238_L;1AFR_MSL_HG03486_L;1AFR_YRI_NA19238_R;1AFR_MSL_HG03486_R;0AFR_GWD_HG02587_R;1EAS_JPT_NA18939_R;0AMR_CLM_HG01114_L;0EAS_CDX_HG00864_L;0AMR_PEL_HG02106_L;0SAS_GIH_NA20847_L;0SAS_STU_HG03683_R;1EAS_CHS_HG00513_R;0AMR_PEL_HG01573_L;0AMR_PEL_HG02106_R;0EUR_TSI_NA20509_L;0SAS_STU_HG03683_L;0EAS_CDX_HG00864_R;0EAS_CHB_NA18534_L;0EAS_CHS_HG00512_R;0EAS_CHS_HG00512_L;0EUR_CEU_NA12329_R;0EAS_KHV_HG02059_R;1EUR_GBR_HG00096_L;0EAS_JPT_NA18939_L;0SAS_PJL_HG02492_L;0EAS_KHV_HG01596_L;0SAS_GIH_NA20847_R;0EAS_CHB_NA18534_R;0EAS_KHV_HG02018_L;1AMR_CLM_HG01352_R;0EAS_KHV_HG01596_R;0EAS_KHV_HG02018_R;0AMR_PUR_HG00732_R;0EUR_IBS_HG01505_L;0EAS_KHV_HG02059_L;0SAS_ITU_HG04217_L;0EAS_CHS_HG00513_L;0EUR_AKJ_NA24385_R;PanTro6																						1.39506	0	0	0.0001	0	0.03972	0.96028	2	0.4	72fdc265cf0384cf2582d1c76499dd8268df85e83535e501ceb9f2959bc330f7	-2101.73	success	1.39506	0	0	0.0001	0	0.03972	0.96028	1	0.05	8fe21c75d8f79a5185504b76e84c22e12848e5c6225e31aae7a4537ac95284e6	-2102.43	success	3.21211	0.30633	999	345.291	0.98543	0	0.01457	3	2.5	696555ddab57a4d971f4792bd8bf1b04326296b1c83e98ffb675cff946c1a8e1	-1955.68	success	2.86209	4e-05	329.717	282.204	0.75192	0.23605	0.01203	5	0.8	cf7cd629c22791b4c90266e6f486334e78e1ebb90db3d77418fcff33643a5877	-1955.75	success		696555ddab57a4d971f4792bd8bf1b04326296b1c83e98ffb675cff946c1a8e1		s3_pos
chr10_79542901_80217413	SFTPA1_ENST00000398636.8	success										0.118127	0.614262	2.44198	0.98228	0	0.01772	0.07315	28.1337	0.0001	2.52514	-1293.47	-1294.69	81	81	81	True	True	0AFR_ACB_HG02011_L;0AFR_ACB_HG02011_R;0AFR_ESN_HG03125_R;0AFR_GWD_HG02818_L;0AFR_YRI_NA19238_R;0AFR_LWK_NA19434_L;0AFR_LWK_NA19036_L;0AFR_YRI_NA19238_L;0AFR_LWK_NA19434_R;0AFR_GWD_HG02587_L;0AFR_MSL_HG03065_R;1AMR_MXL_NA19650_R;1EAS_KHV_HG01596_L;1SAS_ITU_HG04217_R;0AFR_LWK_NA19036_R;0AFR_MSL_HG03486_R;0AMR_CLM_HG01114_L;0AFR_YRI_NA19239_L;0AMR_PUR_HG00731_R;0SAS_GIH_NA20847_R;0AFR_ASW_NA19983_R;0AFR_ESN_HG03371_R;0AMR_PUR_HG00731_L;0AFR_ASW_NA19983_L;0AFR_YRI_NA19239_R;0AFR_MSL_HG03065_L;0AFR_GWD_HG02587_R;0EUR_FIN_HG00268_L;0EUR_GBR_HG00096_R;0AFR_GWD_HG02818_R;0AMR_CLM_HG01352_L;0EUR_TSI_NA20509_R;0AMR_CLM_HG01352_R;0AMR_PEL_HG02106_L;0EAS_CHS_HG00512_L;0SAS_ITU_HG03732_R;0EAS_CHB_NA18534_L;0EUR_CEU_NA12878_L;0SAS_ITU_HG03732_L;0EUR_GBR_HG00096_L;0EUR_IBS_HG01505_R;0AMR_MXL_NA19650_L;0AFR_ESN_HG03371_L;0SAS_STU_HG03683_R;0EAS_CDX_HG00864_L;0EAS_CHB_NA18534_R;0EAS_KHV_HG02018_R;0SAS_STU_HG03683_L;0EAS_CHS_HG00513_L;0EAS_KHV_HG02059_L;0EAS_CDX_HG00864_R;0EAS_JPT_NA18939_L;0EAS_KHV_HG01596_R;0EUR_CEU_NA12329_L;0EAS_CHS_HG00513_R;0AFR_MSL_HG03486_L;0EUR_TSI_NA20509_L;0EAS_JPT_NA18939_R;0SAS_ITU_HG04217_L;0AMR_PEL_HG01573_L;0EAS_KHV_HG02059_R;0EUR_AKJ_NA24385_R;0EAS_CHS_HG00512_R;0AFR_ESN_HG03125_L;0AMR_PUR_HG00732_R;0SAS_GIH_NA20847_L;0AMR_CLM_HG01114_R;0AMR_PEL_HG01573_R;0AMR_PUR_HG00732_L;0EUR_FIN_HG00171_R;0EUR_FIN_HG00171_L;0EUR_CEU_NA12329_R;0EUR_CEU_NA12878_R;0EUR_IBS_HG01505_L;0EUR_FIN_HG00268_R;0SAS_PJL_HG02492_L;0SAS_PJL_HG02492_R;0AMR_PEL_HG02106_R;0EAS_KHV_HG02018_L;0EUR_AKJ_NA24385_L;PanTro6		2	0.4	751e32b1ca934efc318b35ef4eed9e74ab688a70855cb37ab85d44175bb82141	-1319.51	success	1	0.05	721a762c90e93aed794357207a858a2845abb5397e38f204e76912817bc4e05a	-1319.51	success	3	2.5	ae59fcdf3b91fe1c1d66bb2dc9dbb515e8b103e071af37daa9f2eea8d4b554c0	-1294.69	success	5	0.8	be134c636a2761c2aebf5739cd12be26edaf570293533810febac24fac3e5ba7	-1294.69	success	1.96059	0	0	0.38247	0	0.09847	0.90153	2	0.4	dcdd03192cc5732e1381e2ef1edff2d26a71c66bc7e7374648ccda542a7683ef	-1318.83	success	1.96083	0	0	0.38247	0	0.09847	0.90153	1	0.05	e68f5ee7124e91b29a852068ded9d5df58c059e034de0e59748be60d50f89fd2	-1319.15	success	2.52516	0.07314	28.1336	0.0001	0.98228	0	0.01772	3	2.5	fce8f99625809c452900568066a14d1907703f9d4f93e7e5154f8181fda944b8	-1293.47	success	2.52514	0.07315	28.1337	0.0001	0.98228	0	0.01772	5	0.8	3a25756260aa58233b7b8106c077cfaf42ee306f1fc4be0be86228e991092d1c	-1293.47	success	ae59fcdf3b91fe1c1d66bb2dc9dbb515e8b103e071af37daa9f2eea8d4b554c0	3a25756260aa58233b7b8106c077cfaf42ee306f1fc4be0be86228e991092d1c	s3_pos	s4_mix
chr8_7301024_12598379	SLC35G5_ENST00000382435.5	success										0.000353537	0.00459599	12.763	0.58079	0.40387	0.01534	0	316.538	125.729	5.68561	-1853.02	-1859.4	83	83	83	True	True	0AFR_ACB_HG02011_L;0AFR_MSL_HG03065_R;0AFR_ESN_HG03371_L;0AFR_GWD_HG02818_R;0AFR_GWD_HG02587_L;0AFR_ESN_HG03125_L;0AFR_MSL_HG03065_L;0AFR_LWK_NA19036_L;1AFR_ESN_HG03371_R;1AFR_ESN_HG03125_R;1AFR_YRI_NA19239_R;1AFR_LWK_NA19434_L;1AFR_ACB_HG02011_R;1AFR_YRI_NA19239_L;1AFR_GWD_HG02818_L;1AFR_ASW_NA19983_L;1AFR_LWK_NA19036_R;0AMR_CLM_HG01352_L;1SAS_ITU_HG03732_R;1SAS_ITU_HG03732_L;0EUR_GBR_HG00096_R;1EUR_CEU_NA12878_R;1EUR_FIN_HG00171_R;1AMR_CLM_HG01114_R;1AMR_PEL_HG01573_R;1EUR_AKJ_NA24385_L;1EUR_FIN_HG00268_L;1AMR_PUR_HG00732_L;1AMR_MXL_NA19650_L;1AMR_PUR_HG00731_L;1EUR_FIN_HG00268_R;1AMR_MXL_NA19650_R;1EUR_CEU_NA12878_L;1EUR_TSI_NA20509_R;1AMR_PUR_HG00731_R;0EUR_IBS_HG01505_R;1EUR_FIN_HG00171_L;1SAS_BEB_HG03009_L;1EUR_CEU_NA12329_L;1AFR_ASW_NA19983_R;1SAS_ITU_HG04217_R;1SAS_BEB_HG03009_R;1SAS_PJL_HG02492_R;1AFR_LWK_NA19434_R;1AFR_YRI_NA19238_L;1AFR_MSL_HG03486_L;1AFR_YRI_NA19238_R;1AFR_MSL_HG03486_R;0AFR_GWD_HG02587_R;1EAS_JPT_NA18939_R;0AMR_CLM_HG01114_L;0EAS_CDX_HG00864_L;0AMR_PEL_HG02106_L;0SAS_GIH_NA20847_L;0SAS_STU_HG03683_R;1EAS_CHS_HG00513_R;0AMR_PEL_HG01573_L;0AMR_PEL_HG02106_R;0EUR_TSI_NA20509_L;0SAS_STU_HG03683_L;0EAS_CDX_HG00864_R;0EAS_CHB_NA18534_L;0EAS_CHS_HG00512_R;0EAS_CHS_HG00512_L;0EUR_CEU_NA12329_R;0EAS_KHV_HG02059_R;1EUR_GBR_HG00096_L;0EAS_JPT_NA18939_L;0SAS_PJL_HG02492_L;0EAS_KHV_HG01596_L;0SAS_GIH_NA20847_R;0EAS_CHB_NA18534_R;0EAS_KHV_HG02018_L;1AMR_CLM_HG01352_R;0EAS_KHV_HG01596_R;0EAS_KHV_HG02018_R;0AMR_PUR_HG00732_R;0EUR_IBS_HG01505_L;0EAS_KHV_HG02059_L;0SAS_ITU_HG04217_L;0EAS_CHS_HG00513_L;0EUR_AKJ_NA24385_R;PanTro6		2	0.4	68cc5f4485c2e8ec4fc7bd741ebca0f8025200d25832454fc7ce21c9e9447a83	-2000.19	success	1	0.05	1cee1b813e6236d3a943ccf448212bbfe0c05bcec7cac6032a7770b4354923c2	-1999.37	success	3	2.5	be24217e18629a3fc6275f82e71b136cbe53dd61e1182b94db7b758b55e06f50	-1859.4	success	5	0.8	52ea5a0c4f1f612f510f1ca0f3a2d0a6011cee8fbf72fbbea08bc92d49560585	-2004.2	success	4.26933	0	0	0.0001	0.80256	0.08699	0.11045	2	0.4	41c9ee30803c32a75778708eb85c124fef6acbc65eed34baa4092f9ff785de5f	-2000.11	success	4.26795	0	0	0.0001	0.80141	0.08855	0.11004	1	0.05	d1d216ef005865eec9ba0ba9fdc31b6691947646c30af59e5f2abd09c37cbd10	-2000.94	success	5.47228	0	248.429	125.456	0.58255	0.40215	0.0153	3	2.5	be2b6e22e38373c164a57c11e3d04f3553457ad29b9e28092a153985bb45b3cd	-1858.64	success	5.68561	0	316.538	125.729	0.58079	0.40387	0.01534	5	0.8	47982bd8ffb15ab51e4a805e05fb532aedd90486a696fbb05009e832c0d13e3e	-1853.02	success	be24217e18629a3fc6275f82e71b136cbe53dd61e1182b94db7b758b55e06f50	47982bd8ffb15ab51e4a805e05fb532aedd90486a696fbb05009e832c0d13e3e	s3_pos	s4_mix
chr8_7301024_12598379	SPAG11A_ENST00000642566.2	partial_success																																																																																																				
chr10_79542901_80217413	TMEM254_ENST00000372281.8	success										0.99056	1	0.00014	0	0	1	0	999	0.0001	0.6397	-516.567	-516.567	81	81	81	True	True	0AFR_ACB_HG02011_L;0AFR_ACB_HG02011_R;0AFR_ESN_HG03125_R;0AFR_GWD_HG02818_L;0AFR_YRI_NA19238_R;0AFR_LWK_NA19434_L;0AFR_LWK_NA19036_L;0AFR_YRI_NA19238_L;0AFR_LWK_NA19434_R;0AFR_GWD_HG02587_L;0AFR_MSL_HG03065_R;1AMR_MXL_NA19650_R;1EAS_KHV_HG01596_L;1SAS_ITU_HG04217_R;0AFR_LWK_NA19036_R;0AFR_MSL_HG03486_R;0AMR_CLM_HG01114_L;0AFR_YRI_NA19239_L;0AMR_PUR_HG00731_R;0SAS_GIH_NA20847_R;0AFR_ASW_NA19983_R;0AFR_ESN_HG03371_R;0AMR_PUR_HG00731_L;0AFR_ASW_NA19983_L;0AFR_YRI_NA19239_R;0AFR_MSL_HG03065_L;0AFR_GWD_HG02587_R;0EUR_FIN_HG00268_L;0EUR_GBR_HG00096_R;0AFR_GWD_HG02818_R;0AMR_CLM_HG01352_L;0EUR_TSI_NA20509_R;0AMR_CLM_HG01352_R;0AMR_PEL_HG02106_L;0EAS_CHS_HG00512_L;0SAS_ITU_HG03732_R;0EAS_CHB_NA18534_L;0EUR_CEU_NA12878_L;0SAS_ITU_HG03732_L;0EUR_GBR_HG00096_L;0EUR_IBS_HG01505_R;0AMR_MXL_NA19650_L;0AFR_ESN_HG03371_L;0SAS_STU_HG03683_R;0EAS_CDX_HG00864_L;0EAS_CHB_NA18534_R;0EAS_KHV_HG02018_R;0SAS_STU_HG03683_L;0EAS_CHS_HG00513_L;0EAS_KHV_HG02059_L;0EAS_CDX_HG00864_R;0EAS_JPT_NA18939_L;0EAS_KHV_HG01596_R;0EUR_CEU_NA12329_L;0EAS_CHS_HG00513_R;0AFR_MSL_HG03486_L;0EUR_TSI_NA20509_L;0EAS_JPT_NA18939_R;0SAS_ITU_HG04217_L;0AMR_PEL_HG01573_L;0EAS_KHV_HG02059_R;0EUR_AKJ_NA24385_R;0EAS_CHS_HG00512_R;0AFR_ESN_HG03125_L;0AMR_PUR_HG00732_R;0SAS_GIH_NA20847_L;0AMR_CLM_HG01114_R;0AMR_PEL_HG01573_R;0AMR_PUR_HG00732_L;0EUR_FIN_HG00171_R;0EUR_FIN_HG00171_L;0EUR_CEU_NA12329_R;0EUR_CEU_NA12878_R;0EUR_IBS_HG01505_L;0EUR_FIN_HG00268_R;0SAS_PJL_HG02492_L;0SAS_PJL_HG02492_R;0AMR_PEL_HG02106_R;0EAS_KHV_HG02018_L;0EUR_AKJ_NA24385_L;PanTro6		2	0.4	e85480a1ef7d721e9910ee1fb778dfe8ea21a35b379c02c48975f3444a409af6	-518.484	success	1	0.05	10cbaa11f94066805e87b6db0c4fa2a9713162f13e4dea09f6f5f72256c7ce10	-516.567	success	3	2.5	d9d1fbbb6c40d5c75de9ae457164727ae430e61077a992a882a21c0d17cf34a3	-516.567	success	5	0.8	858cdccfac67f13c7316201b706982ab6819f0f60c4d4efd379b6ec02f4f97b7	-516.568	success	0.63973	0	999	0.0001	0	0	1	2	0.4	2d2564dfdaef58164ad84c6f504c2c5d6bdb71c118b5dfd1b5d00e85987233a6	-516.568	success	0.63779	0.12416	5.72167	0.0001	1	0	0	1	0.05	b7d4e84155097b8d0335225ebc4276e876bcc3edd938d877f964be6bbda6f738	-518.484	success	0.63971	0	999	0.0001	0	0	1	3	2.5	334cbcce928a5e1cc41d9d0f578267d362866f07fdef8f31290cafa777223d12	-516.567	success	0.6397	0	999	0.0001	0	0	1	5	0.8	4c604af4d4125f85bcd4b59b8d10a2ad1a047d6af866be8f815bee9bed82fc7f	-516.567	success	10cbaa11f94066805e87b6db0c4fa2a9713162f13e4dea09f6f5f72256c7ce10	4c604af4d4125f85bcd4b59b8d10a2ad1a047d6af866be8f815bee9bed82fc7f	s2_pur	s4_mix
chr8_7301024_12598379	TNKS_ENST00000310430.11	success										0.640288	1	0.218366	0.00018	0	0.99982	0.05725	0.02571	0.05137	5.414	-5819.9	-5820.01	83	83	83	True	True	0AFR_ACB_HG02011_L;0AFR_MSL_HG03065_R;0AFR_ESN_HG03371_L;0AFR_GWD_HG02818_R;0AFR_GWD_HG02587_L;0AFR_ESN_HG03125_L;0AFR_MSL_HG03065_L;0AFR_LWK_NA19036_L;1AFR_ESN_HG03371_R;1AFR_ESN_HG03125_R;1AFR_YRI_NA19239_R;1AFR_LWK_NA19434_L;1AFR_ACB_HG02011_R;1AFR_YRI_NA19239_L;1AFR_GWD_HG02818_L;1AFR_ASW_NA19983_L;1AFR_LWK_NA19036_R;0AMR_CLM_HG01352_L;1SAS_ITU_HG03732_R;1SAS_ITU_HG03732_L;0EUR_GBR_HG00096_R;1EUR_CEU_NA12878_R;1EUR_FIN_HG00171_R;1AMR_CLM_HG01114_R;1AMR_PEL_HG01573_R;1EUR_AKJ_NA24385_L;1EUR_FIN_HG00268_L;1AMR_PUR_HG00732_L;1AMR_MXL_NA19650_L;1AMR_PUR_HG00731_L;1EUR_FIN_HG00268_R;1AMR_MXL_NA19650_R;1EUR_CEU_NA12878_L;1EUR_TSI_NA20509_R;1AMR_PUR_HG00731_R;0EUR_IBS_HG01505_R;1EUR_FIN_HG00171_L;1SAS_BEB_HG03009_L;1EUR_CEU_NA12329_L;1AFR_ASW_NA19983_R;1SAS_ITU_HG04217_R;1SAS_BEB_HG03009_R;1SAS_PJL_HG02492_R;1AFR_LWK_NA19434_R;1AFR_YRI_NA19238_L;1AFR_MSL_HG03486_L;1AFR_YRI_NA19238_R;1AFR_MSL_HG03486_R;0AFR_GWD_HG02587_R;1EAS_JPT_NA18939_R;0AMR_CLM_HG01114_L;0EAS_CDX_HG00864_L;0AMR_PEL_HG02106_L;0SAS_GIH_NA20847_L;0SAS_STU_HG03683_R;1EAS_CHS_HG00513_R;0AMR_PEL_HG01573_L;0AMR_PEL_HG02106_R;0EUR_TSI_NA20509_L;0SAS_STU_HG03683_L;0EAS_CDX_HG00864_R;0EAS_CHB_NA18534_L;0EAS_CHS_HG00512_R;0EAS_CHS_HG00512_L;0EUR_CEU_NA12329_R;0EAS_KHV_HG02059_R;1EUR_GBR_HG00096_L;0EAS_JPT_NA18939_L;0SAS_PJL_HG02492_L;0EAS_KHV_HG01596_L;0SAS_GIH_NA20847_R;0EAS_CHB_NA18534_R;0EAS_KHV_HG02018_L;1AMR_CLM_HG01352_R;0EAS_KHV_HG01596_R;0EAS_KHV_HG02018_R;0AMR_PUR_HG00732_R;0EUR_IBS_HG01505_L;0EAS_KHV_HG02059_L;0SAS_ITU_HG04217_L;0EAS_CHS_HG00513_L;0EUR_AKJ_NA24385_R;PanTro6		2	0.4	73882cb0336fb3854c9ec1b1ba76a09dcbf2752974f133edc1a26c118ebe453d	-5820.13	success	1	0.05	8fb9e77e3f640cdccde1a0ff24927c00c3db44982b51e3d6bdf2b566f3bedc39	-5820.01	success	3	2.5	7c15653223eb11605824f7309f1e56fe1f7aa14f17e7b37a53a0bd204ea28f92	-5820.01	success	5	0.8	1a9ca35ae65304606fc6a08735a35447b65b15fab53924bf3f5b5f00d2723335	-5820.13	success	5.41495	0.07105	0.02403	0.05066	0.03491	0	0.96508	2	0.4	65bb4606b13b96d0b19da1d68ad1ee306db923b8abf0f4b7e2c21fffcb4216b4	-5820.02	success	5.3766	0	0.02927	0.05859	0.12421	1e-05	0.87578	1	0.05	cbcfddaa9c0d2f669b28fe080a1bd4acca2fb78d9d5831522d5d6a0d04820c96	-5820.02	success	5.40848	0.05922	0.00698	0.04669	0.35616	0.00014	0.6437	3	2.5	432592b03f26413b058f7d35885165fccc32ee82f552ca6b808b576016317d30	-5819.9	success	5.414	0.05725	0.02571	0.05137	0.00018	0	0.99982	5	0.8	f81cbd2ab3b87de3b0210e3830152beadf70f230f82a710fb344197c50f02b82	-5819.9	success	7c15653223eb11605824f7309f1e56fe1f7aa14f17e7b37a53a0bd204ea28f92	f81cbd2ab3b87de3b0210e3830152beadf70f230f82a710fb344197c50f02b82	s3_pos	s4_mix
chr8_7301024_12598379	USP17L1_ENST00000529559.1	success										0.920998	1	0.009836	0	0	1	0.38777	0	0.0001	2.20963	-2404.24	-2404.24	83	83	83	True	True	0AFR_ACB_HG02011_L;0AFR_MSL_HG03065_R;0AFR_ESN_HG03371_L;0AFR_GWD_HG02818_R;0AFR_GWD_HG02587_L;0AFR_ESN_HG03125_L;0AFR_MSL_HG03065_L;0AFR_LWK_NA19036_L;1AFR_ESN_HG03371_R;1AFR_ESN_HG03125_R;1AFR_YRI_NA19239_R;1AFR_LWK_NA19434_L;1AFR_ACB_HG02011_R;1AFR_YRI_NA19239_L;1AFR_GWD_HG02818_L;1AFR_ASW_NA19983_L;1AFR_LWK_NA19036_R;0AMR_CLM_HG01352_L;1SAS_ITU_HG03732_R;1SAS_ITU_HG03732_L;0EUR_GBR_HG00096_R;1EUR_CEU_NA12878_R;1EUR_FIN_HG00171_R;1AMR_CLM_HG01114_R;1AMR_PEL_HG01573_R;1EUR_AKJ_NA24385_L;1EUR_FIN_HG00268_L;1AMR_PUR_HG00732_L;1AMR_MXL_NA19650_L;1AMR_PUR_HG00731_L;1EUR_FIN_HG00268_R;1AMR_MXL_NA19650_R;1EUR_CEU_NA12878_L;1EUR_TSI_NA20509_R;1AMR_PUR_HG00731_R;0EUR_IBS_HG01505_R;1EUR_FIN_HG00171_L;1SAS_BEB_HG03009_L;1EUR_CEU_NA12329_L;1AFR_ASW_NA19983_R;1SAS_ITU_HG04217_R;1SAS_BEB_HG03009_R;1SAS_PJL_HG02492_R;1AFR_LWK_NA19434_R;1AFR_YRI_NA19238_L;1AFR_MSL_HG03486_L;1AFR_YRI_NA19238_R;1AFR_MSL_HG03486_R;0AFR_GWD_HG02587_R;1EAS_JPT_NA18939_R;0AMR_CLM_HG01114_L;0EAS_CDX_HG00864_L;0AMR_PEL_HG02106_L;0SAS_GIH_NA20847_L;0SAS_STU_HG03683_R;1EAS_CHS_HG00513_R;0AMR_PEL_HG01573_L;0AMR_PEL_HG02106_R;0EUR_TSI_NA20509_L;0SAS_STU_HG03683_L;0EAS_CDX_HG00864_R;0EAS_CHB_NA18534_L;0EAS_CHS_HG00512_R;0EAS_CHS_HG00512_L;0EUR_CEU_NA12329_R;0EAS_KHV_HG02059_R;1EUR_GBR_HG00096_L;0EAS_JPT_NA18939_L;0SAS_PJL_HG02492_L;0EAS_KHV_HG01596_L;0SAS_GIH_NA20847_R;0EAS_CHB_NA18534_R;0EAS_KHV_HG02018_L;1AMR_CLM_HG01352_R;0EAS_KHV_HG01596_R;0EAS_KHV_HG02018_R;0AMR_PUR_HG00732_R;0EUR_IBS_HG01505_L;0EAS_KHV_HG02059_L;0SAS_ITU_HG04217_L;0EAS_CHS_HG00513_L;0EUR_AKJ_NA24385_R;PanTro6		2	0.4	1a88ff22f5194f61f41d4ac6d40b200425cbda8de59b47e08b9039a6a0b094dc	-2404.24	success	1	0.05	a76edda22bd329caaea2c12308b4cb806f0714220df4e4e7443b2a3512501253	-2404.24	success	3	2.5	ee84126bb8be3fa99ce94f39483224587712d402cdab09f9d7f9429769170ec6	-2404.24	success	5	0.8	2de6c6bbcf16bd1bcbd2eb64746a148bfe5885b18be513dbf57d09594aa3a282	-2404.24	success	2.21094	0.61857	0	0.3339	1	0	0	2	0.4	01d26924822c1d2fd511bbaa20cec91e95c9c41110084ff72905376ac10c5052	-2404.24	success	2.20963	0.56397	0	0.0001	0	0	1	1	0.05	baec585b3453ea4dc7ee1d1e273997f67861a2b1115dd8fd0643f97422649c37	-2404.24	success	2.47978	0	0.79104	0.00125	0	1	0	3	2.5	77e445cd6182650e4918682e9578cf4416585f526eeedfd2300e4081fa253726	-2405.29	success	2.20963	0.38777	0	0.0001	0	0	1	5	0.8	c2c93c8de7505e4b45f37bd3fdae3f9916b236af0562a3ec6bdb5d42e79d901b	-2404.24	success	a76edda22bd329caaea2c12308b4cb806f0714220df4e4e7443b2a3512501253	c2c93c8de7505e4b45f37bd3fdae3f9916b236af0562a3ec6bdb5d42e79d901b	s2_pur	s4_mix
chr8_7301024_12598379	USP17L4_ENST00000526929.1	partial_success													0	0	1	0.78804	0	0.0001	2.99514	-2412.61	-2412.61	83	83	83	True	True	0AFR_ACB_HG02011_L;0AFR_MSL_HG03065_R;0AFR_ESN_HG03371_L;0AFR_GWD_HG02818_R;0AFR_GWD_HG02587_L;0AFR_ESN_HG03125_L;0AFR_MSL_HG03065_L;0AFR_LWK_NA19036_L;1AFR_ESN_HG03371_R;1AFR_ESN_HG03125_R;1AFR_YRI_NA19239_R;1AFR_LWK_NA19434_L;1AFR_ACB_HG02011_R;1AFR_YRI_NA19239_L;1AFR_GWD_HG02818_L;1AFR_ASW_NA19983_L;1AFR_LWK_NA19036_R;0AMR_CLM_HG01352_L;1SAS_ITU_HG03732_R;1SAS_ITU_HG03732_L;0EUR_GBR_HG00096_R;1EUR_CEU_NA12878_R;1EUR_FIN_HG00171_R;1AMR_CLM_HG01114_R;1AMR_PEL_HG01573_R;1EUR_AKJ_NA24385_L;1EUR_FIN_HG00268_L;1AMR_PUR_HG00732_L;1AMR_MXL_NA19650_L;1AMR_PUR_HG00731_L;1EUR_FIN_HG00268_R;1AMR_MXL_NA19650_R;1EUR_CEU_NA12878_L;1EUR_TSI_NA20509_R;1AMR_PUR_HG00731_R;0EUR_IBS_HG01505_R;1EUR_FIN_HG00171_L;1SAS_BEB_HG03009_L;1EUR_CEU_NA12329_L;1AFR_ASW_NA19983_R;1SAS_ITU_HG04217_R;1SAS_BEB_HG03009_R;1SAS_PJL_HG02492_R;1AFR_LWK_NA19434_R;1AFR_YRI_NA19238_L;1AFR_MSL_HG03486_L;1AFR_YRI_NA19238_R;1AFR_MSL_HG03486_R;0AFR_GWD_HG02587_R;1EAS_JPT_NA18939_R;0AMR_CLM_HG01114_L;0EAS_CDX_HG00864_L;0AMR_PEL_HG02106_L;0SAS_GIH_NA20847_L;0SAS_STU_HG03683_R;1EAS_CHS_HG00513_R;0AMR_PEL_HG01573_L;0AMR_PEL_HG02106_R;0EUR_TSI_NA20509_L;0SAS_STU_HG03683_L;0EAS_CDX_HG00864_R;0EAS_CHB_NA18534_L;0EAS_CHS_HG00512_R;0EAS_CHS_HG00512_L;0EUR_CEU_NA12329_R;0EAS_KHV_HG02059_R;1EUR_GBR_HG00096_L;0EAS_JPT_NA18939_L;0SAS_PJL_HG02492_L;0EAS_KHV_HG01596_L;0SAS_GIH_NA20847_R;0EAS_CHB_NA18534_R;0EAS_KHV_HG02018_L;1AMR_CLM_HG01352_R;0EAS_KHV_HG01596_R;0EAS_KHV_HG02018_R;0AMR_PUR_HG00732_R;0EUR_IBS_HG01505_L;0EAS_KHV_HG02059_L;0SAS_ITU_HG04217_L;0EAS_CHS_HG00513_L;0EUR_AKJ_NA24385_R;PanTro6	Optimization failure: H1 < H0 (diff=-1e-06)	2	0.4	53b105bcc78fc11fb89dd5c11aa3b01735352e258f8c368f7eaa42de70e3447c	-2412.62	success	1	0.05	a9bcc743ac4d5ca0dd62919e3a1d8f4e418734ed827291a1b170c2fb0a8713d7	-2412.61	success	3	2.5	c1d70d229fe4f3aa946eaa54019d4d817354f05d542372e63a32eb60662fa73f	-2413.36	success	5	0.8	b86974ddeab325c3f1e93df430b1209e0dff237fa882eba1fea7bb20e7ffed78	-2412.61	success	2.9967	0.67698	1.13485	0.0097	1	0	0	2	0.4	a7182da7a11e95ff299bee1235364793fb2bfc4239c97d2c7f5e45cb185f025f	-2412.62	success	2.99514	0	0	0.0001	0	0	1	1	0.05	d3711fa57e9f36947cfdaf470efac831cbcefab112d1229abf1bb27562afc5f2	-2412.61	success	2.99514	0.78804	0	0.0001	0	0	1	3	2.5	978a3337d83c159ac0562d85217926c630693ef898e79050eb49b6cb80937d05	-2412.61	success	2.99514	0.69903	0	0.0001	0	0	1	5	0.8	842a46cf201e69f7d3569e81b0db73c2748b7962c220cd481487fca3345634ae	-2412.61	success	a9bcc743ac4d5ca0dd62919e3a1d8f4e418734ed827291a1b170c2fb0a8713d7	978a3337d83c159ac0562d85217926c630693ef898e79050eb49b6cb80937d05	s2_pur	s3_pos
chr8_7301024_12598379	ZNF705B_ENST00000400120.3	partial_success													0	0	1	0.17995	0	0.0001	4.63385	-1363.73	-1363.73	83	83	83	True	True	0AFR_ACB_HG02011_L;0AFR_MSL_HG03065_R;0AFR_ESN_HG03371_L;0AFR_GWD_HG02818_R;0AFR_GWD_HG02587_L;0AFR_ESN_HG03125_L;0AFR_MSL_HG03065_L;0AFR_LWK_NA19036_L;1AFR_ESN_HG03371_R;1AFR_ESN_HG03125_R;1AFR_YRI_NA19239_R;1AFR_LWK_NA19434_L;1AFR_ACB_HG02011_R;1AFR_YRI_NA19239_L;1AFR_GWD_HG02818_L;1AFR_ASW_NA19983_L;1AFR_LWK_NA19036_R;0AMR_CLM_HG01352_L;1SAS_ITU_HG03732_R;1SAS_ITU_HG03732_L;0EUR_GBR_HG00096_R;1EUR_CEU_NA12878_R;1EUR_FIN_HG00171_R;1AMR_CLM_HG01114_R;1AMR_PEL_HG01573_R;1EUR_AKJ_NA24385_L;1EUR_FIN_HG00268_L;1AMR_PUR_HG00732_L;1AMR_MXL_NA19650_L;1AMR_PUR_HG00731_L;1EUR_FIN_HG00268_R;1AMR_MXL_NA19650_R;1EUR_CEU_NA12878_L;1EUR_TSI_NA20509_R;1AMR_PUR_HG00731_R;0EUR_IBS_HG01505_R;1EUR_FIN_HG00171_L;1SAS_BEB_HG03009_L;1EUR_CEU_NA12329_L;1AFR_ASW_NA19983_R;1SAS_ITU_HG04217_R;1SAS_BEB_HG03009_R;1SAS_PJL_HG02492_R;1AFR_LWK_NA19434_R;1AFR_YRI_NA19238_L;1AFR_MSL_HG03486_L;1AFR_YRI_NA19238_R;1AFR_MSL_HG03486_R;0AFR_GWD_HG02587_R;1EAS_JPT_NA18939_R;0AMR_CLM_HG01114_L;0EAS_CDX_HG00864_L;0AMR_PEL_HG02106_L;0SAS_GIH_NA20847_L;0SAS_STU_HG03683_R;1EAS_CHS_HG00513_R;0AMR_PEL_HG01573_L;0AMR_PEL_HG02106_R;0EUR_TSI_NA20509_L;0SAS_STU_HG03683_L;0EAS_CDX_HG00864_R;0EAS_CHB_NA18534_L;0EAS_CHS_HG00512_R;0EAS_CHS_HG00512_L;0EUR_CEU_NA12329_R;0EAS_KHV_HG02059_R;1EUR_GBR_HG00096_L;0EAS_JPT_NA18939_L;0SAS_PJL_HG02492_L;0EAS_KHV_HG01596_L;0SAS_GIH_NA20847_R;0EAS_CHB_NA18534_R;0EAS_KHV_HG02018_L;1AMR_CLM_HG01352_R;0EAS_KHV_HG01596_R;0EAS_KHV_HG02018_R;0AMR_PUR_HG00732_R;0EUR_IBS_HG01505_L;0EAS_KHV_HG02059_L;0SAS_ITU_HG04217_L;0EAS_CHS_HG00513_L;0EUR_AKJ_NA24385_R;PanTro6	Optimization failure: H1 < H0 (diff=-1e-06)	2	0.4	9ed7ae612a7c1bfe87c2bc6c4edd437c588f63786eb2420899f74a11ad4336fa	-1363.74	success	1	0.05	df725eaee01cfa5dc2ba51ac503ad4937d0e7056bc752fc649ccdabc37c556d8	-1363.74	success	3	2.5	e8f94be0e6ed9ee7ec7914e1324df5084f64d3ca13df202101e74792fefa5130	-1363.74	success	5	0.8	a9b93ecb7d2c1e64f78d916f20aef9f33abf2df59451deb1faa492d5497f2bae	-1363.73	success	4.63385	0.17995	0	0.0001	0	0	1	2	0.4	b84d61217d9ad9425978997315852194f02951a42c7952ba5b1eaafe5bfbda29	-1363.73	success	4.63387	0.86892	0	0.0001	0	0	1	1	0.05	ece22077852aa60223aa023e384df2ac30082d141aca3ed6cf589937d5b1cb78	-1363.73	success	4.63502	0.6709	2.43164	0.0001	1	0	0	3	2.5	cc03a515dbd63e15da56f88d8951b92fd306ec81f3945b965b59104d7f05decb	-1363.74	success	4.63386	0.65703	0	0.0001	2e-05	0	0.99998	5	0.8	0e64cd09f9991279d8c2138e37a106e2a62b34f50314e6003d670876eaa29484	-1363.73	success	a9b93ecb7d2c1e64f78d916f20aef9f33abf2df59451deb1faa492d5497f2bae	b84d61217d9ad9425978997315852194f02951a42c7952ba5b1eaafe5bfbda29	s4_mix	s1_def
chr8_7301024_12598379	ZNF705D_ENST00000400085.8	partial_success													0	0	1	0	0	0.0001	3.22374	-1321.45	-1321.45	83	83	83	True	True	0AFR_ACB_HG02011_L;0AFR_MSL_HG03065_R;0AFR_ESN_HG03371_L;0AFR_GWD_HG02818_R;0AFR_GWD_HG02587_L;0AFR_ESN_HG03125_L;0AFR_MSL_HG03065_L;0AFR_LWK_NA19036_L;1AFR_ESN_HG03371_R;1AFR_ESN_HG03125_R;1AFR_YRI_NA19239_R;1AFR_LWK_NA19434_L;1AFR_ACB_HG02011_R;1AFR_YRI_NA19239_L;1AFR_GWD_HG02818_L;1AFR_ASW_NA19983_L;1AFR_LWK_NA19036_R;0AMR_CLM_HG01352_L;1SAS_ITU_HG03732_R;1SAS_ITU_HG03732_L;0EUR_GBR_HG00096_R;1EUR_CEU_NA12878_R;1EUR_FIN_HG00171_R;1AMR_CLM_HG01114_R;1AMR_PEL_HG01573_R;1EUR_AKJ_NA24385_L;1EUR_FIN_HG00268_L;1AMR_PUR_HG00732_L;1AMR_MXL_NA19650_L;1AMR_PUR_HG00731_L;1EUR_FIN_HG00268_R;1AMR_MXL_NA19650_R;1EUR_CEU_NA12878_L;1EUR_TSI_NA20509_R;1AMR_PUR_HG00731_R;0EUR_IBS_HG01505_R;1EUR_FIN_HG00171_L;1SAS_BEB_HG03009_L;1EUR_CEU_NA12329_L;1AFR_ASW_NA19983_R;1SAS_ITU_HG04217_R;1SAS_BEB_HG03009_R;1SAS_PJL_HG02492_R;1AFR_LWK_NA19434_R;1AFR_YRI_NA19238_L;1AFR_MSL_HG03486_L;1AFR_YRI_NA19238_R;1AFR_MSL_HG03486_R;0AFR_GWD_HG02587_R;1EAS_JPT_NA18939_R;0AMR_CLM_HG01114_L;0EAS_CDX_HG00864_L;0AMR_PEL_HG02106_L;0SAS_GIH_NA20847_L;0SAS_STU_HG03683_R;1EAS_CHS_HG00513_R;0AMR_PEL_HG01573_L;0AMR_PEL_HG02106_R;0EUR_TSI_NA20509_L;0SAS_STU_HG03683_L;0EAS_CDX_HG00864_R;0EAS_CHB_NA18534_L;0EAS_CHS_HG00512_R;0EAS_CHS_HG00512_L;0EUR_CEU_NA12329_R;0EAS_KHV_HG02059_R;1EUR_GBR_HG00096_L;0EAS_JPT_NA18939_L;0SAS_PJL_HG02492_L;0EAS_KHV_HG01596_L;0SAS_GIH_NA20847_R;0EAS_CHB_NA18534_R;0EAS_KHV_HG02018_L;1AMR_CLM_HG01352_R;0EAS_KHV_HG01596_R;0EAS_KHV_HG02018_R;0AMR_PUR_HG00732_R;0EUR_IBS_HG01505_L;0EAS_KHV_HG02059_L;0SAS_ITU_HG04217_L;0EAS_CHS_HG00513_L;0EUR_AKJ_NA24385_R;PanTro6	Optimization failure: H1 < H0 (diff=-2e-06)	2	0.4	176522e7a25677658b436a44ff77370a33afc443f099d7be43b547636d7084cd	-1321.45	success	1	0.05	e63b6fb8db83a20a35cbc0ad55783d48fadd889fe2f3624a0976f9a4222493b2	-1321.46	success	3	2.5	dd513c126aac5d97c69707ecec0cf191c0ee31290ba51a9290215919afac58f5	-1321.46	success	5	0.8	c79ddfc3e474cc69d5d834be5bbe406fec240bed5a69f5d0ceef8751dac5aa61	-1321.45	success	3.22374	0	0	0.0001	0	0	1	2	0.4	2cae99ba3f89c23512a9fd310ee5251e9878ed22ddf8fd62ae9b0b9352cd4771	-1321.45	success	3.19074	0	0	0.0001	0	1	0	1	0.05	f8fa122445a6418d733f619c8ea51ac27e2793769ff421ef348364d5835ef5c6	-1321.46	success	3.22374	1	0	0.0001	0	0	1	3	2.5	28c821702aebd46bf29598969dc7dcdd7b6a5ce2ec798dda6a63f17d5073a203	-1321.45	success	3.19073	1	1.76125	5.92221	0.99999	1e-05	0	5	0.8	90825d7d8d7fef04723abc852f5b0171011e72b9db4765dbe0427edb1c365d2e	-1321.46	success	c79ddfc3e474cc69d5d834be5bbe406fec240bed5a69f5d0ceef8751dac5aa61	2cae99ba3f89c23512a9fd310ee5251e9878ed22ddf8fd62ae9b0b9352cd4771	s4_mix	s1_def
