inv_id	chrom	start	end	strandseq_flip	confidence	source	n_apes_inverted	n_apes_het	recurrence	apes	v2_flip	v2_conf
chr1:25324280-25369060	chr1	25324280	25369060	0	low	strandseq_parsimony	2	1		bonobo:HOM;gorilla:HET	0	high
chr1:26641622-26646431	chr1	26641622	26646431	1	low	strandseq_parsimony	3	0		bonobo:HOM;chimpanzee:HOM;gorilla:HOM	0	moderate
chr1:108310642-108383736	chr1	108310642	108383736	1	low	strandseq_parsimony	2	0		gorilla:HOM;orangutan:HOM	1	low
chr1:120299058-120600965	chr1	120299058	120600965	0	low	strandseq_parsimony	1	0		gorilla:HOM	0	moderate
chr1:145160434-146154520	chr1	145160434	146154520	1	low	strandseq_parsimony	3	1		bonobo:HOM;chimpanzee:HET;gorilla:HOM	0	moderate
chr1:146298109-148672872	chr1	146298109	148672872	0	low	strandseq_parsimony	2	1		chimpanzee:HOM;gorilla:HET	0	moderate
chr1:149843518-149850293	chr1	149843518	149850293		recurrent	strandseq_parsimony	3	2	recurrent	bonobo:HET;chimpanzee:HOM;orangutan:HET	1	moderate
chr1:197787659-197788856	chr1	197787659	197788856	1	high	strandseq_parsimony	3	0		bonobo:HOM;gorilla:HOM;orangutan:HOM	1	high
chr1:227499209-227502113	chr1	227499209	227502113	0	low	strandseq_parsimony	1	0		gorilla:HOM	0	high
chr1:248518572-248529489	chr1	248518572	248529489	0	low	strandseq_parsimony	2	1		chimpanzee:HOM;orangutan:HET	0	moderate
chr10:37105149-37111121	chr10	37105149	37111121	0	low	strandseq_parsimony	1	0		gorilla:HOM	1	high
chr10:46144703-46204851	chr10	46144703	46204851	0	low	strandseq_parsimony	1	0		gorilla:HOM	1	low
chr10:46213494-46283272	chr10	46213494	46283272		recurrent	strandseq_parsimony	4	2	recurrent	bonobo:HOM;chimpanzee:HOM;gorilla:HET;orangutan:HET	0	high
chr10:46769328-46857141	chr10	46769328	46857141	1	high	strandseq_parsimony	4	0		bonobo:HOM;chimpanzee:HOM;gorilla:HOM;orangutan:HOM	0	high
chr10:46983451-47468232	chr10	46983451	47468232	1	high	strandseq_parsimony	4	0		bonobo:HOM;chimpanzee:HOM;gorilla:HOM;orangutan:HOM	0	high
chr10:47480263-47546423	chr10	47480263	47546423	1	high	strandseq_parsimony	4	0		bonobo:HOM;chimpanzee:HOM;gorilla:HOM;orangutan:HOM	0	moderate
chr10:47649265-47756785	chr10	47649265	47756785	0	low	strandseq_parsimony	1	0		gorilla:HOM	0	high
chr10:47983093-48044442	chr10	47983093	48044442	0	low	strandseq_parsimony	1	0		gorilla:HOM	0	high
chr10:55007431-55013434	chr10	55007431	55013434	1	low	strandseq_parsimony	2	0		gorilla:HOM;orangutan:HOM	0	high
chr10:65465445-65470067	chr10	65465445	65470067	1	low	strandseq_parsimony	2	0		gorilla:HOM;orangutan:HOM	0	high
chr10:71066858-71067726	chr10	71066858	71067726	1	low	strandseq_parsimony	2	0		gorilla:HOM;orangutan:HOM	0	high
chr10:73657969-73660146	chr10	73657969	73660146	1	low	strandseq_parsimony	2	0		gorilla:HOM;orangutan:HOM	0	high
chr10:79542901-80217413	chr10	79542901	80217413	1	low	strandseq_parsimony	3	0		bonobo:HOM;chimpanzee:HOM;orangutan:HOM	0	high
chr10:91443587-91446029	chr10	91443587	91446029	0	low	strandseq_parsimony	1	0		orangutan:HOM	1	moderate
chr11:311836-317944	chr11	311836	317944		recurrent	strandseq_parsimony	2	2	recurrent	gorilla:HET;orangutan:HET	0	high
chr11:1667460-1683267	chr11	1667460	1683267	1	low	strandseq_parsimony	3	0		bonobo:HOM;chimpanzee:HOM;gorilla:HOM	1	high
chr11:1894042-1915725	chr11	1894042	1915725	1	high	strandseq_parsimony	4	0		bonobo:HOM;chimpanzee:HOM;gorilla:HOM;orangutan:HOM	1	high
chr11:4271709-4289557	chr11	4271709	4289557	0	low	strandseq_parsimony	1	0		orangutan:HOM	1	high
chr11:18249084-18265819	chr11	18249084	18265819	0	low	strandseq_parsimony	1	0		orangutan:HOM	0	high
chr11:24263179-24266246	chr11	24263179	24266246	0	low	strandseq_parsimony	1	0		orangutan:HOM	0	high
chr11:48849290-48878471	chr11	48849290	48878471	0	low	strandseq_parsimony	1	0		orangutan:HOM	0	high
chr11:48888300-48892127	chr11	48888300	48892127	0	low	strandseq_parsimony	1	0		orangutan:HOM	1	low
chr11:49714144-49729098	chr11	49714144	49729098	0	low	strandseq_parsimony	1	0		orangutan:HOM	0	high
chr11:50154999-50324102	chr11	50154999	50324102	1	high	strandseq_parsimony	4	0		bonobo:HOM;chimpanzee:HOM;gorilla:HOM;orangutan:HOM	0	low
chr11:50364388-50425111	chr11	50364388	50425111	0	low	strandseq_parsimony	1	0		orangutan:HOM	0	low
chr11:55662739-55666690	chr11	55662739	55666690	0	low	strandseq_parsimony	1	0		orangutan:HOM	0	high
chr11:62093043-62102999	chr11	62093043	62102999	0	low	strandseq_parsimony	1	0		orangutan:HOM	0	high
chr11:66251227-66252453	chr11	66251227	66252453	0	low	strandseq_parsimony	1	0		orangutan:HOM	0	high
chr11:71571819-71576724	chr11	71571819	71576724	0	low	strandseq_parsimony	1	0		orangutan:HOM	1	low
chr12:12392068-12393519	chr12	12392068	12393519	1	high	strandseq_parsimony	4	0		bonobo:HOM;chimpanzee:HOM;gorilla:HOM;orangutan:HOM	1	high
chr12:17774389-17855572	chr12	17774389	17855572	1	high	strandseq_parsimony	4	0		bonobo:HOM;chimpanzee:HOM;gorilla:HOM;orangutan:HOM	1	high
chr12:34773599-34820432	chr12	34773599	34820432	1	low	strandseq_parsimony	3	0		bonobo:HOM;chimpanzee:HOM;gorilla:HOM	0	assumed
chr12:34834837-37181298	chr12	34834837	37181298	1	low	strandseq_parsimony	3	0		bonobo:HOM;chimpanzee:HOM;gorilla:HOM	0	assumed
chr12:37705668-37737662	chr12	37705668	37737662	1	low	strandseq_parsimony	3	0		bonobo:HOM;chimpanzee:HOM;gorilla:HOM	0	assumed
chr12:46896694-46915975	chr12	46896694	46915975	1	low	strandseq_parsimony	3	0		bonobo:HOM;chimpanzee:HOM;gorilla:HOM	0	high
chr12:86847821-86857785	chr12	86847821	86857785	1	high	strandseq_parsimony	4	0		bonobo:HOM;chimpanzee:HOM;gorilla:HOM;orangutan:HOM	1	high
chr12:131295603-131312193	chr12	131295603	131312193	0	moderate	strandseq_parsimony	1	1		orangutan:HET	0	high
chr12:131312081-131644839	chr12	131312081	131644839	0	moderate	strandseq_parsimony	1	1		orangutan:HET	0	high
chr12:131333943-131623807	chr12	131333943	131623807	0	moderate	strandseq_parsimony	1	1		orangutan:HET	0	high
chr13:37315207-37317760	chr13	37315207	37317760	1	high	strandseq_parsimony	4	0		bonobo:HOM;chimpanzee:HOM;gorilla:HOM;orangutan:HOM	0	assumed
chr13:52310302-52320954	chr13	52310302	52320954	1	moderate	strandseq_parsimony	4	1		bonobo:HOM;chimpanzee:HOM;gorilla:HOM;orangutan:HET	0	low
chr13:52344010-52502256	chr13	52344010	52502256	1	moderate	strandseq_parsimony	4	1		bonobo:HOM;chimpanzee:HOM;gorilla:HOM;orangutan:HET	0	high
chr13:63727377-63820968	chr13	63727377	63820968	1	high	strandseq_parsimony	3	0		chimpanzee:HOM;gorilla:HOM;orangutan:HOM	0	high
chr13:64598737-64616218	chr13	64598737	64616218	0	moderate	strandseq_parsimony	1	1		gorilla:HET	0	high
chr14:18862645-19659006	chr14	18862645	19659006	0	low	strandseq_parsimony	1	0		gorilla:HOM	0	moderate
chr14:19726390-19956169	chr14	19726390	19956169	0	low	strandseq_parsimony	1	0		gorilla:HOM	0	high
chr14:34547864-34555230	chr14	34547864	34555230		recurrent	strandseq_parsimony	3	3	recurrent	bonobo:HET;chimpanzee:HET;gorilla:HET	0	high
chr14:105693931-105698385	chr14	105693931	105698385	0	low	strandseq_parsimony	1	0		gorilla:HOM	1	moderate
chr15:17506622-19701638	chr15	17506622	19701638	0	low	strandseq_parsimony	1	0		orangutan:HOM	0	assumed
chr15:20336074-20392986	chr15	20336074	20392986	0	low	strandseq_parsimony	1	0		orangutan:HOM	1	low
chr15:20673518-20675754	chr15	20673518	20675754	0	low	strandseq_parsimony	1	0		orangutan:HOM	0	low
chr15:21242493-21362818	chr15	21242493	21362818	0	low	strandseq_parsimony	1	0		orangutan:HOM	0	high
chr15:22180495-22358241	chr15	22180495	22358241	0	low	strandseq_parsimony	1	0		orangutan:HOM	0	moderate
chr15:22701127-23213881	chr15	22701127	23213881	1	high	deepOG[Rev Or, Ma, Mo]	3	3	recurrent	chimpanzee:HET;gorilla:HET;orangutan:HET	0	high
chr15:23295576-23318191	chr15	23295576	23318191	1	low	strandseq_parsimony	2	0		bonobo:HOM;orangutan:HOM	1	low
chr15:23345459-28389868	chr15	23345459	28389868	1	high	deepOG[Rev Or, Ma, Mo]	4	2	recurrent	bonobo:HOM;chimpanzee:HOM;gorilla:HET;orangutan:HET	0	high
chr15:28298424-28623514	chr15	28298424	28623514	1	low	strandseq_parsimony	2	1		gorilla:HET;orangutan:HOM	0	high
chr15:28452496-28465083	chr15	28452496	28465083	1	low	strandseq_parsimony	2	1		gorilla:HET;orangutan:HOM	1	low
chr15:30436458-30529803	chr15	30436458	30529803	0	low	strandseq_parsimony	1	0		gorilla:HOM	1	moderate
chr15:30618103-32153204	chr15	30618103	32153204	0	low	strandseq_parsimony	1	0		gorilla:HOM	0	high
chr15:45026828-45031545	chr15	45026828	45031545		recurrent	strandseq_parsimony	2	2	recurrent	bonobo:HET;chimpanzee:HET	0	high
chr15:82360482-82515134	chr15	82360482	82515134	1	low	strandseq_parsimony	3	0		bonobo:HOM;chimpanzee:HOM;orangutan:HOM	0	high
chr15:84373375-84416696	chr15	84373375	84416696	0	low	strandseq_parsimony	2	1		bonobo:HET;orangutan:HOM	0	high
chr16:1245200-1247503	chr16	1245200	1247503	0	low	strandseq_parsimony	1	0		orangutan:HOM	1	moderate
chr16:14907775-15028479	chr16	14907775	15028479		recurrent	strandseq_parsimony	4	2	recurrent	bonobo:HET;chimpanzee:HET;gorilla:HOM;orangutan:HOM	0	moderate
chr16:14954790-15100859	chr16	14954790	15100859		recurrent	strandseq_parsimony	3	3	recurrent	bonobo:HET;chimpanzee:HET;orangutan:HET	1	low
chr16:15115787-15116443	chr16	15115787	15116443	0	low	strandseq_parsimony	1	0		orangutan:HOM	0	moderate
chr16:15384482-16276146	chr16	15384482	16276146		recurrent	strandseq_parsimony	4	4	recurrent	bonobo:HET;chimpanzee:HET;gorilla:HET;orangutan:HET	0	high
chr16:16631735-16637867	chr16	16631735	16637867	1	low	strandseq_parsimony	2	0		gorilla:HOM;orangutan:HOM	0	high
chr16:16721273-18073542	chr16	16721273	18073542		recurrent	strandseq_parsimony	2	2	recurrent	gorilla:HET;orangutan:HET	0	high
chr16:18337348-18356673	chr16	18337348	18356673	0	low	strandseq_parsimony	1	0		gorilla:HOM	0	low
chr16:20506046-20521893	chr16	20506046	20521893	0	low	strandseq_parsimony	1	0		orangutan:HOM	1	moderate
chr16:21374580-21583510	chr16	21374580	21583510	1	low	strandseq_parsimony	3	1		bonobo:HET;chimpanzee:HOM;gorilla:HOM	0	moderate
chr16:21583511-22432381	chr16	21583511	22432381	0	high	deepOG[Dir Or, Ma, Mo]	4	3	recurrent	bonobo:HET;chimpanzee:HOM;gorilla:HET;orangutan:HET	0	high
chr16:21864964-22432381	chr16	21864964	22432381	0	high	deepOG[Dir Or, Ma, Mo]	2	2	recurrent	gorilla:HET;orangutan:HET	1	low
chr16:22613939-22698804	chr16	22613939	22698804		recurrent	strandseq_parsimony	3	2	recurrent	bonobo:HET;chimpanzee:HET;orangutan:HOM	0	high
chr16:28471892-28637651	chr16	28471892	28637651		recurrent	strandseq_parsimony	3	2	recurrent	bonobo:HET;chimpanzee:HET;gorilla:HOM	0	moderate
chr16:28709344-28776487	chr16	28709344	28776487	0	low	strandseq_parsimony	2	0		bonobo:HOM;chimpanzee:HOM	0	moderate
chr16:34484033-36334975	chr16	34484033	36334975	1	low	strandseq_parsimony	3	0		bonobo:HOM;chimpanzee:HOM;gorilla:HOM	0	low
chr16:35157740-35523366	chr16	35157740	35523366	1	low	strandseq_parsimony	3	0		bonobo:HOM;chimpanzee:HOM;gorilla:HOM	0	low
chr16:35226544-35592170	chr16	35226544	35592170	1	low	strandseq_parsimony	3	0		bonobo:HOM;chimpanzee:HOM;gorilla:HOM	0	low
chr16:35946683-35952382	chr16	35946683	35952382	1	low	strandseq_parsimony	3	0		bonobo:HOM;chimpanzee:HOM;gorilla:HOM	0	assumed
chr16:70075643-70205976	chr16	70075643	70205976	1	low	strandseq_parsimony	3	0		bonobo:HOM;chimpanzee:HOM;orangutan:HOM	0	high
chr16:70149552-70162881	chr16	70149552	70162881	1	low	strandseq_parsimony	3	0		bonobo:HOM;chimpanzee:HOM;orangutan:HOM	0	high
chr16:75206214-75222748	chr16	75206214	75222748	1	high	strandseq_parsimony	4	0		bonobo:HOM;chimpanzee:HOM;gorilla:HOM;orangutan:HOM	1	high
chr17:3082008-3221835	chr17	3082008	3221835	0	moderate	strandseq_parsimony	1	1		chimpanzee:HET	0	low
chr17:16811812-16823489	chr17	16811812	16823489		recurrent	deepOG[Dir Or, Ma]	4	1	recurrent	bonobo:HOM;chimpanzee:HOM;gorilla:HOM;orangutan:HET	0	moderate
chr17:16823490-18384190	chr17	16823490	18384190		recurrent	deepOG[Dir Or, Ma]	4	2	recurrent	bonobo:HET;chimpanzee:HET;gorilla:HOM;orangutan:HOM	1	low
chr17:18622359-18823773	chr17	18622359	18823773		recurrent	deepOG[Dir Or, Ma]	4	1	recurrent	bonobo:HOM;chimpanzee:HOM;gorilla:HET;orangutan:HOM	0	moderate
chr17:19240628-21558840	chr17	19240628	21558840		recurrent	deepOG[Dir Or, Ma]	3	2	recurrent	bonobo:HET;chimpanzee:HET;orangutan:HOM	0	moderate
chr17:21305697-21480257	chr17	21305697	21480257	0	low	strandseq_parsimony	2	0		bonobo:HOM;chimpanzee:HOM	0	high
chr17:26880608-26885979	chr17	26880608	26885979	0	low	strandseq_parsimony	2	0		bonobo:HOM;chimpanzee:HOM	0	assumed
chr17:30621881-30625589	chr17	30621881	30625589	1	low	strandseq_parsimony	3	0		bonobo:HOM;chimpanzee:HOM;orangutan:HOM	0	high
chr17:36109569-36223772	chr17	36109569	36223772	1	low	strandseq_parsimony	3	1		bonobo:HOM;chimpanzee:HOM;orangutan:HET	0	moderate
chr17:37415181-37415638	chr17	37415181	37415638	1	high	deepOG[Rev Or, Ma, Mo]	3	0		bonobo:HOM;chimpanzee:HOM;orangutan:HOM	0	high
chr17:43232908-43321964	chr17	43232908	43321964	0	low	strandseq_parsimony	2	0		bonobo:HOM;chimpanzee:HOM	0	moderate
chr17:43263148-43322883	chr17	43263148	43322883	0	low	strandseq_parsimony	2	0		bonobo:HOM;chimpanzee:HOM	0	high
chr17:45573556-45585158	chr17	45573556	45585158	0	low	strandseq_parsimony	2	0		bonobo:HOM;chimpanzee:HOM	1	moderate
chr17:45585159-46292045	chr17	45585159	46292045		recurrent	deepOG[Rev Or; Dir Ma, Mo]	4	0	recurrent	bonobo:HOM;chimpanzee:HOM;gorilla:HOM;orangutan:HOM	0	moderate
chr17:60035640-60110888	chr17	60035640	60110888	0	low	strandseq_parsimony	2	1		chimpanzee:HOM;orangutan:HET	0	high
chr18:12145103-12146503	chr18	12145103	12146503	1	moderate	strandseq_parsimony	4	1		bonobo:HOM;chimpanzee:HOM;gorilla:HOM;orangutan:HET	1	low
chr19:38774757-38788025	chr19	38774757	38788025	1	high	strandseq_parsimony	4	0		bonobo:HOM;chimpanzee:HOM;gorilla:HOM;orangutan:HOM	1	high
chr19:47959660-50091195	chr19	47959660	50091195	0	low	strandseq_parsimony	1	0		orangutan:HOM	0	high
chr2:87987171-111255403	chr2	87987171	111255403		recurrent	strandseq_parsimony	4	4	recurrent	bonobo:HET;chimpanzee:HET;gorilla:HET;orangutan:HET	0	moderate
chr2:90060918-90216479	chr2	90060918	90216479	1	high	strandseq_parsimony	3	0		bonobo:HOM;gorilla:HOM;orangutan:HOM	0	high
chr2:95496989-95579796	chr2	95496989	95579796	0	low	strandseq_parsimony	2	1		bonobo:HET;orangutan:HOM	0	high
chr2:95800191-96024403	chr2	95800191	96024403	1	low	strandseq_parsimony	2	0		gorilla:HOM;orangutan:HOM	0	high
chr2:97168744-97170236	chr2	97168744	97170236	1	low	strandseq_parsimony	2	0		gorilla:HOM;orangutan:HOM	0	high
chr2:97348052-97360454	chr2	97348052	97360454	1	low	strandseq_parsimony	2	1		gorilla:HET;orangutan:HOM	0	low
chr2:108527821-109733036	chr2	108527821	109733036		recurrent	strandseq_parsimony	4	3	recurrent	bonobo:HET;chimpanzee:HET;gorilla:HOM;orangutan:HET	0	high
chr2:110095177-110276210	chr2	110095177	110276210	1	low	strandseq_parsimony	2	0		gorilla:HOM;orangutan:HOM	0	moderate
chr2:123021127-123054324	chr2	123021127	123054324	1	low	strandseq_parsimony	2	0		bonobo:HOM;orangutan:HOM	0	high
chr2:130138212-131200602	chr2	130138212	131200602	1	high	strandseq_parsimony	4	1		bonobo:HOM;chimpanzee:HET;gorilla:HOM;orangutan:HOM	0	moderate
chr2:130138212-131530534	chr2	130138212	131530534		recurrent	strandseq_parsimony	4	2	recurrent	bonobo:HET;chimpanzee:HET;gorilla:HOM;orangutan:HOM	0	moderate
chr2:138247429-138251774	chr2	138247429	138251774	1	high	strandseq_parsimony	4	0		bonobo:HOM;chimpanzee:HOM;gorilla:HOM;orangutan:HOM	0	moderate
chr20:47841016-47888238	chr20	47841016	47888238	1	low	strandseq_parsimony	2	1		gorilla:HOM;orangutan:HET	0	high
chr21:40028842-40033181	chr21	40028842	40033181	1	high	strandseq_parsimony	4	0		bonobo:HOM;chimpanzee:HOM;gorilla:HOM;orangutan:HOM	1	high
chr22:21443089-21491761	chr22	21443089	21491761	1	low	strandseq_parsimony	3	0		bonobo:HOM;chimpanzee:HOM;gorilla:HOM	1	moderate
chr22:23969582-23971740	chr22	23969582	23971740	0	low	strandseq_parsimony	1	0		orangutan:HOM	0	high
chr3:26316193-26317447	chr3	26316193	26317447	0	low	strandseq_parsimony	1	0		orangutan:HOM	0	high
chr3:28417060-28417483	chr3	28417060	28417483	0	low	strandseq_parsimony	1	0		orangutan:HOM	0	assumed
chr3:44699775-44700555	chr3	44699775	44700555	0	low	strandseq_parsimony	1	0		orangutan:HOM	0	assumed
chr3:187418165-187424396	chr3	187418165	187424396	1	high	strandseq_parsimony	4	0		bonobo:HOM;chimpanzee:HOM;gorilla:HOM;orangutan:HOM	0	assumed
chr3:195692124-195956606	chr3	195692124	195956606	0	low	strandseq_parsimony	1	0		orangutan:HOM	0	low
chr3:195749463-195980207	chr3	195749463	195980207	0	low	strandseq_parsimony	1	0		orangutan:HOM	0	high
chr4:49284664-49291017	chr4	49284664	49291017	0	low	strandseq_parsimony	2	0		bonobo:HOM;chimpanzee:HOM	1	moderate
chr4:49291019-49325004	chr4	49291019	49325004	0	low	strandseq_parsimony	2	0		bonobo:HOM;chimpanzee:HOM	1	moderate
chr4:49708727-49712245	chr4	49708727	49712245	1	low	strandseq_parsimony	3	0		bonobo:HOM;chimpanzee:HOM;orangutan:HOM	0	assumed
chr4:51107122-51107609	chr4	51107122	51107609	1	low	strandseq_parsimony	3	0		bonobo:HOM;chimpanzee:HOM;orangutan:HOM	0	assumed
chr4:68826254-68849811	chr4	68826254	68849811	1	high	strandseq_parsimony	4	0		bonobo:HOM;chimpanzee:HOM;gorilla:HOM;orangutan:HOM	0	high
chr4:87926011-87937547	chr4	87926011	87937547	1	high	strandseq_parsimony	4	0		bonobo:HOM;chimpanzee:HOM;gorilla:HOM;orangutan:HOM	1	high
chr5:21479305-21500726	chr5	21479305	21500726	0	low	strandseq_parsimony	2	0		bonobo:HOM;chimpanzee:HOM	0	high
chr5:29069229-29069523	chr5	29069229	29069523	1	low	strandseq_parsimony	3	0		bonobo:HOM;chimpanzee:HOM;gorilla:HOM	0	assumed
chr5:46896906-46915828	chr5	46896906	46915828	0	low	strandseq_parsimony	2	0		bonobo:HOM;chimpanzee:HOM	0	assumed
chr5:47061568-47082062	chr5	47061568	47082062	0	low	strandseq_parsimony	2	0		bonobo:HOM;chimpanzee:HOM	0	assumed
chr5:47105115-47151367	chr5	47105115	47151367	0	low	strandseq_parsimony	2	0		bonobo:HOM;chimpanzee:HOM	0	assumed
chr5:49608476-49645356	chr5	49608476	49645356	0	low	strandseq_parsimony	2	0		bonobo:HOM;chimpanzee:HOM	0	assumed
chr5:64470920-64477089	chr5	64470920	64477089	1	low	strandseq_parsimony	3	0		bonobo:HOM;chimpanzee:HOM;orangutan:HOM	0	moderate
chr5:64470928-64475118	chr5	64470928	64475118	1	low	strandseq_parsimony	3	0		bonobo:HOM;chimpanzee:HOM;orangutan:HOM	0	moderate
chr5:70527773-70533912	chr5	70527773	70533912	0	low	strandseq_parsimony	2	0		bonobo:HOM;chimpanzee:HOM	0	moderate
chr5:71009586-71093997	chr5	71009586	71093997	1	high	strandseq_parsimony	4	0		bonobo:HOM;chimpanzee:HOM;gorilla:HOM;orangutan:HOM	0	moderate
chr5:177946129-178003952	chr5	177946129	178003952		recurrent	strandseq_parsimony	2	2	recurrent	bonobo:HET;chimpanzee:HET	0	low
chr5:181098775-181100846	chr5	181098775	181100846	1	low	strandseq_parsimony	2	0		chimpanzee:HOM;orangutan:HOM	0	high
chr6:167209001-167357782	chr6	167209001	167357782	1	low	strandseq_parsimony	3	0		bonobo:HOM;chimpanzee:HOM;gorilla:HOM	0	high
chr7:5989046-6735643	chr7	5989046	6735643	1	moderate	strandseq_parsimony	4	1		bonobo:HOM;chimpanzee:HOM;gorilla:HOM;orangutan:HET	1	moderate
chr7:33990735-34010143	chr7	33990735	34010143	0	low	strandseq_parsimony	1	0		orangutan:HOM	0	high
chr7:40839776-40840871	chr7	40839776	40840871	1	high	strandseq_parsimony	4	0		bonobo:HOM;chimpanzee:HOM;gorilla:HOM;orangutan:HOM	1	high
chr7:47614508-47615262	chr7	47614508	47615262	0	low	strandseq_parsimony	1	0		orangutan:HOM	0	high
chr7:54234014-54308393	chr7	54234014	54308393	0	low	strandseq_parsimony	1	0		orangutan:HOM	0	high
chr7:57486117-57496696	chr7	57486117	57496696	0	low	strandseq_parsimony	1	0		orangutan:HOM	0	high
chr7:57641572-57838971	chr7	57641572	57838971	0	low	strandseq_parsimony	1	0		orangutan:HOM	0	low
chr7:57835188-58119653	chr7	57835188	58119653	0	low	strandseq_parsimony	1	0		orangutan:HOM	0	low
chr7:60898864-60908951	chr7	60898864	60908951	0	low	strandseq_parsimony	1	0		orangutan:HOM	0	moderate
chr7:60911891-61578023	chr7	60911891	61578023	0	low	strandseq_parsimony	1	0		orangutan:HOM	0	low
chr7:61714723-61782364	chr7	61714723	61782364	0	low	strandseq_parsimony	1	0		orangutan:HOM	0	assumed
chr7:62144125-62285305	chr7	62144125	62285305	0	low	strandseq_parsimony	1	0		orangutan:HOM	0	low
chr7:62290674-62363143	chr7	62290674	62363143	0	low	strandseq_parsimony	1	0		orangutan:HOM	0	high
chr7:62373327-62390982	chr7	62373327	62390982	0	low	strandseq_parsimony	1	0		orangutan:HOM	0	high
chr7:62408486-62456444	chr7	62408486	62456444	0	low	strandseq_parsimony	1	0		orangutan:HOM	0	moderate
chr7:63356275-63388165	chr7	63356275	63388165		recurrent	strandseq_parsimony	3	2	recurrent	bonobo:HET;gorilla:HET;orangutan:HOM	0	high
chr7:63729711-63844058	chr7	63729711	63844058	0	low	strandseq_parsimony	1	0		orangutan:HOM	0	high
chr7:65219157-65531823	chr7	65219157	65531823	1	low	strandseq_parsimony	3	0		bonobo:HOM;chimpanzee:HOM;orangutan:HOM	0	high
chr7:65572704-65581644	chr7	65572704	65581644	1	low	strandseq_parsimony	3	0		bonobo:HOM;chimpanzee:HOM;orangutan:HOM	0	high
chr7:65793712-65822478	chr7	65793712	65822478	0	low	strandseq_parsimony	1	0		orangutan:HOM	0	high
chr7:67019303-67020338	chr7	67019303	67020338	0	low	strandseq_parsimony	1	0		orangutan:HOM	1	moderate
chr7:70961198-70973901	chr7	70961198	70973901	1	low	strandseq_parsimony	2	0		bonobo:HOM;orangutan:HOM	0	high
chr7:73113989-74799029	chr7	73113989	74799029	1	low	strandseq_parsimony	3	0		bonobo:HOM;chimpanzee:HOM;orangutan:HOM	0	moderate
chr7:74869950-75058098	chr7	74869950	75058098	1	high	strandseq_parsimony	3	0		bonobo:HOM;gorilla:HOM;orangutan:HOM	1	moderate
chr7:76603963-76620409	chr7	76603963	76620409	1	low	strandseq_parsimony	2	0		bonobo:HOM;orangutan:HOM	1	low
chr7:97445822-97459601	chr7	97445822	97459601	1	low	strandseq_parsimony	2	0		gorilla:HOM;orangutan:HOM	0	high
chr7:107418983-107422332	chr7	107418983	107422332	1	low	strandseq_parsimony	2	0		gorilla:HOM;orangutan:HOM	1	low
chr7:143716562-143750998	chr7	143716562	143750998	1	high	strandseq_parsimony	4	0		bonobo:HOM;chimpanzee:HOM;gorilla:HOM;orangutan:HOM	1	high
chr7:143779394-143798726	chr7	143779394	143798726	1	high	strandseq_parsimony	4	0		bonobo:HOM;chimpanzee:HOM;gorilla:HOM;orangutan:HOM	1	low
chr7:152402450-152407535	chr7	152402450	152407535	0	moderate	strandseq_parsimony	1	1		gorilla:HET	0	high
chr8:2343351-2378385	chr8	2343351	2378385	1	high	strandseq_parsimony	4	1		bonobo:HOM;chimpanzee:HET;gorilla:HOM;orangutan:HOM	1	high
chr8:7301024-12598379	chr8	7301024	12598379	1	high	deepOG[Rev Or, Ma, Mo]	4	2	recurrent	bonobo:HET;chimpanzee:HET;gorilla:HOM;orangutan:HOM	1	low
chr8:12369152-12394133	chr8	12369152	12394133	0	low	strandseq_parsimony	1	0		orangutan:HOM	0	high
chr8:43237792-43241899	chr8	43237792	43241899	0	low	strandseq_parsimony	1	0		gorilla:HOM	0	assumed
chr9:12004038-12074552	chr9	12004038	12074552	1	low	strandseq_parsimony	2	0		gorilla:HOM;orangutan:HOM	0	high
chr9:30952354-30956484	chr9	30952354	30956484	1	low	strandseq_parsimony	2	0		gorilla:HOM;orangutan:HOM	0	high
chr9:85797070-85801040	chr9	85797070	85801040	0	low	strandseq_parsimony	2	0		bonobo:HOM;chimpanzee:HOM	1	moderate
chr9:87942696-88110274	chr9	87942696	88110274	1	high	strandseq_parsimony	4	1		bonobo:HOM;chimpanzee:HOM;gorilla:HET;orangutan:HOM	0	moderate
chr9:91958957-91959591	chr9	91958957	91959591	0	low	strandseq_parsimony	1	0		orangutan:HOM	0	high
chr9:123979106-123991038	chr9	123979106	123991038	1	high	strandseq_parsimony	4	0		bonobo:HOM;chimpanzee:HOM;gorilla:HOM;orangutan:HOM	1	high
chrX:45689038-45691227	chrX	45689038	45691227	0	low	strandseq_parsimony	1	0		orangutan:HOM	0	high
chrX:51692963-51700363	chrX	51692963	51700363	1	high	strandseq_parsimony	3	1		chimpanzee:HET;gorilla:HOM;orangutan:HOM	0	high
chrX:52077120-52176974	chrX	52077120	52176974	1	low	strandseq_parsimony	3	1		bonobo:HET;chimpanzee:HOM;gorilla:HOM	0	moderate
chrX:52502274-52510614	chrX	52502274	52510614		recurrent	strandseq_parsimony	3	2	recurrent	bonobo:HET;chimpanzee:HET;gorilla:HOM	0	high
chrX:52921572-52934581	chrX	52921572	52934581	1	low	strandseq_parsimony	2	0		bonobo:HOM;orangutan:HOM	0	moderate
chrX:55480141-55493063	chrX	55480141	55493063		recurrent	strandseq_parsimony	3	2	recurrent	bonobo:HET;chimpanzee:HET;orangutan:HOM	0	high
chrX:63185600-63193343	chrX	63185600	63193343		recurrent	strandseq_parsimony	2	2	recurrent	bonobo:HET;chimpanzee:HET	0	assumed
chrX:72997772-73077479	chrX	72997772	73077479	1	low	strandseq_parsimony	3	1		bonobo:HET;chimpanzee:HOM;gorilla:HOM	0	high
chrX:101602193-101611599	chrX	101602193	101611599	1	low	strandseq_parsimony	2	0		chimpanzee:HOM;orangutan:HOM	1	low
chrX:102338170-102348934	chrX	102338170	102348934	0	low	strandseq_parsimony	2	1		chimpanzee:HET;orangutan:HOM	1	low
chrX:103989434-104049428	chrX	103989434	104049428	1	moderate	strandseq_parsimony	4	1		bonobo:HOM;chimpanzee:HOM;gorilla:HOM;orangutan:HET	0	high
chrX:120087101-120149199	chrX	120087101	120149199	1	low	strandseq_parsimony	3	1		bonobo:HET;chimpanzee:HOM;gorilla:HOM	0	moderate
chrX:135623647-135665679	chrX	135623647	135665679	1	low	strandseq_parsimony	2	0		gorilla:HOM;orangutan:HOM	0	high
chrX:135734732-135748584	chrX	135734732	135748584	1	low	strandseq_parsimony	3	1		bonobo:HOM;chimpanzee:HET;orangutan:HOM	0	low
chrX:141601876-141686290	chrX	141601876	141686290	0	moderate	strandseq_parsimony	1	1		orangutan:HET	0	high
chrX:149599490-149655967	chrX	149599490	149655967	1	low	strandseq_parsimony	3	1		bonobo:HET;chimpanzee:HOM;orangutan:HOM	1	moderate
chrX:149681035-149722249	chrX	149681035	149722249		recurrent	strandseq_parsimony	3	3	recurrent	bonobo:HET;chimpanzee:HET;gorilla:HET	0	high
chrX:149747302-149768782	chrX	149747302	149768782		recurrent	strandseq_parsimony	2	2	recurrent	bonobo:HET;orangutan:HET	1	moderate
chrX:153074418-153075612	chrX	153074418	153075612	0	moderate	strandseq_parsimony	1	0		chimpanzee:HOM	1	moderate
chrX:153149748-153250226	chrX	153149748	153250226	1	low	strandseq_parsimony	2	0		bonobo:HOM;orangutan:HOM	0	high
chrX:154347246-154384867	chrX	154347246	154384867	1	low	strandseq_parsimony	3	0		bonobo:HOM;chimpanzee:HOM;gorilla:HOM	0	high
chrX:154591327-154613096	chrX	154591327	154613096	1	low	strandseq_parsimony	3	1		bonobo:HET;chimpanzee:HOM;orangutan:HOM	1	moderate
chrX:155386727-155453982	chrX	155386727	155453982		recurrent	strandseq_parsimony	3	2	recurrent	bonobo:HET;chimpanzee:HET;orangutan:HOM	0	moderate
