species	chrom	start	end	gen	svclass
chimpanzee	chr1	903423	943931	HET	invDup
chimpanzee	chr1	12799030	12810487	HET	invDup
chimpanzee	chr1	26641217	26646638	HOM	INV
chimpanzee	chr1	29734875	29737833	HOM	INV
chimpanzee	chr1	32416723	32447621	HOM	INV
chimpanzee	chr1	87420745	87724208	HET	invDup
chimpanzee	chr1	104320961	104440434	HET	invDup
chimpanzee	chr1	104821772	104836174	HOM	INV
chimpanzee	chr1	109344321	109420936	HET	invDup
chimpanzee	chr1	113125598	113276041	HET	invDup
chimpanzee	chr1	113125598	120179771	HOM	INV
chimpanzee	chr1	113366644	113651297	HET	invDup
chimpanzee	chr1	145992404	146049865	HET	invDup
chimpanzee	chr1	147003774	147950347	HOM	INV
chimpanzee	chr1	149842391	149851011	HOM	INV
chimpanzee	chr1	248518589	248529695	HOM	INV
chimpanzee	chr10	14941907	14975672	HET	invDup
chimpanzee	chr10	19112617	19194191	HET	invDup
chimpanzee	chr10	19223622	19281855	HET	invDup
chimpanzee	chr10	35744871	35749687	HOM	INV
chimpanzee	chr10	38966247	39539206	HOM	INV
chimpanzee	chr10	45679833	45866397	HOM	INV
chimpanzee	chr10	46215323	46223894	HOM	INV
chimpanzee	chr10	46332808	47584917	HOM	INV
chimpanzee	chr10	79527608	80252529	HOM	INV
chimpanzee	chr10	95159535	95161353	HOM	INV
chimpanzee	chr11	1665417	1682882	HOM	INV
chimpanzee	chr11	1894043	1915787	HOM	INV
chimpanzee	chr11	18980829	18996672	HET	invDup
chimpanzee	chr11	50157381	50365988	HOM	INV
chimpanzee	chr11	124388362	124392470	HOM	INV
chimpanzee	chr11	132616377	132638323	HOM	INV
chimpanzee	chr12	9317552	9407370	HOM	INV
chimpanzee	chr12	12391221	12393834	HOM	INV
chimpanzee	chr12	15439258	15445172	HOM	INV
chimpanzee	chr12	17766529	17859683	HOM	INV
chimpanzee	chr12	20810628	20896068	HET	invDup
chimpanzee	chr12	20896081	67990383	HOM	INV
chimpanzee	chr12	28657722	28673754	HOM	INV
chimpanzee	chr12	37709905	37727912	HOM	INV
chimpanzee	chr12	42451106	42454170	HOM	INV
chimpanzee	chr12	47454873	47510893	HOM	INV
chimpanzee	chr12	58423002	58426136	HOM	INV
chimpanzee	chr12	67119643	67177996	HOM	INV
chimpanzee	chr12	67990486	68008804	HET	invDup
chimpanzee	chr12	86849180	86858130	HOM	INV
chimpanzee	chr13	37314577	37318044	HOM	INV
chimpanzee	chr13	45383122	46464524	HOM	INV
chimpanzee	chr13	52249893	52559589	HOM	INV
chimpanzee	chr13	63727509	63737123	HOM	INV
chimpanzee	chr13	82353216	82358303	HOM	INV
chimpanzee	chr14	22094304	22187298	HET	invDup
chimpanzee	chr14	23789971	23797688	HOM	INV
chimpanzee	chr14	24493209	24499628	HOM	INV
chimpanzee	chr14	34547322	34555285	HET	INV
chimpanzee	chr14	35912691	35922585	HOM	INV
chimpanzee	chr14	63865304	63870151	HOM	INV
chimpanzee	chr14	92317433	92485052	HET	invDup
chimpanzee	chr15	22779462	23093519	HET	INV
chimpanzee	chr15	23451853	28321274	HOM	INV
chimpanzee	chr15	26305627	26307110	HOM	INV
chimpanzee	chr15	41808298	41876228	HET	invDup
chimpanzee	chr15	41910710	41924051	HET	invDup
chimpanzee	chr15	45026721	45044761	HET	INV
chimpanzee	chr15	82431701	84165647	HOM	INV
chimpanzee	chr15	85272011	85294870	HET	invDup
chimpanzee	chr15	87843663	87847642	HOM	INV
chimpanzee	chr16	1807193	1841583	HET	invDup
chimpanzee	chr16	1838411	2111973	HET	INV
chimpanzee	chr16	14954780	14965819	HET	invDup
chimpanzee	chr16	14995429	15095824	HOM	INV
chimpanzee	chr16	15794256	15944923	HET	invDup
chimpanzee	chr16	16169812	16198128	HET	invDup
chimpanzee	chr16	21421729	21827505	HOM	INV
chimpanzee	chr16	22614926	22762355	HET	invDup
chimpanzee	chr16	25422990	25578321	HET	invDup
chimpanzee	chr16	28474889	28505397	HET	invDup
chimpanzee	chr16	28505934	28942396	HOM	INV
chimpanzee	chr16	29628092	30188587	HOM	INV
chimpanzee	chr16	35100115	36373493	HOM	INV
chimpanzee	chr16	47791916	47793862	HOM	INV
chimpanzee	chr16	66960291	67036749	HET	invDup
chimpanzee	chr16	70078118	74428325	HOM	INV
chimpanzee	chr16	75206340	75222700	HOM	INV
chimpanzee	chr16	90059169	90084580	HET	invDup
chimpanzee	chr17	3148284	3178882	HET	INV
chimpanzee	chr17	8027887	49541267	HOM	INV
chimpanzee	chr17	13638225	13706551	HET	invDup
chimpanzee	chr17	18123280	18387486	HET	INV
chimpanzee	chr17	18624667	20317922	HOM	INV
chimpanzee	chr17	20608054	20630746	HET	INV
chimpanzee	chr17	27831452	27838434	HOM	INV
chimpanzee	chr17	45603562	46287176	HOM	INV
chimpanzee	chr17	53562886	53589670	HET	INV
chimpanzee	chr17	60035891	60126702	HOM	INV
chimpanzee	chr17	76016643	76042121	HET	invDup
chimpanzee	chr17	83082721	83100668	HET	invDup
chimpanzee	chr18	119488	14133906	HOM	INV
chimpanzee	chr18	14903404	14939283	HOM	INV
chimpanzee	chr18	40873731	40889586	HOM	INV
chimpanzee	chr19	20601889	20725478	HOM	INV
chimpanzee	chr19	36268688	37262652	HOM	INV
chimpanzee	chr19	38774048	38788917	HOM	INV
chimpanzee	chr19	39560978	39676254	HOM	INV
chimpanzee	chr19	50578831	50593370	HET	INV
chimpanzee	chr19	54572976	54591326	HET	INV
chimpanzee	chr2	102235960	102370535	HET	invDup
chimpanzee	chr2	106454649	109113706	HOM	INV
chimpanzee	chr2	108108766	108176496	HOM	INV
chimpanzee	chr2	109117337	109142906	HET	invDup
chimpanzee	chr2	110672985	110694931	HET	invDup
chimpanzee	chr2	119196101	119198348	HOM	INV
chimpanzee	chr2	130051328	130456551	HOM	INV
chimpanzee	chr2	130720633	131152252	HET	INV
chimpanzee	chr2	131397401	131436895	HET	INV
chimpanzee	chr2	138246813	138251056	HOM	INV
chimpanzee	chr2	149297396	149302434	HOM	INV
chimpanzee	chr2	180767920	180786225	HOM	INV
chimpanzee	chr2	236697766	236741754	HET	INV
chimpanzee	chr2	241943043	241969461	HET	invDup
chimpanzee	chr20	58427	100139	HET	invDup
chimpanzee	chr20	8851808	8853283	HOM	INV
chimpanzee	chr20	40648314	40649368	HOM	INV
chimpanzee	chr21	17048589	17050218	HOM	INV
chimpanzee	chr21	40026761	40036602	HOM	INV
chimpanzee	chr22	18129006	18130671	HOM	INV
chimpanzee	chr22	20742418	20753126	HET	invDup
chimpanzee	chr22	21431601	21469877	HOM	INV
chimpanzee	chr22	23594716	23631014	HET	invDup
chimpanzee	chr22	23670035	23709409	HET	invDup
chimpanzee	chr3	834005	840261	HOM	INV
chimpanzee	chr3	98271845	98280939	HOM	INV
chimpanzee	chr3	159398298	159401755	HOM	INV
chimpanzee	chr3	168886419	168900059	HOM	INV
chimpanzee	chr3	187418649	187423892	HOM	INV
chimpanzee	chr3	194336077	194340474	HOM	INV
chimpanzee	chr4	44810198	85036605	HOM	INV
chimpanzee	chr4	87923496	87936919	HOM	INV
chimpanzee	chr4	132123253	132146425	HOM	INV
chimpanzee	chr4	133003537	133008004	HOM	INV
chimpanzee	chr4	145964363	145981374	HOM	INV
chimpanzee	chr5	849799	918381	HET	invDup
chimpanzee	chr5	18553741	96585715	HOM	INV
chimpanzee	chr5	26618850	26632937	HOM	INV
chimpanzee	chr5	29096201	29108018	HOM	INV
chimpanzee	chr5	71008831	71015813	HOM	INV
chimpanzee	chr5	99426646	99472783	HET	invDup
chimpanzee	chr5	99544163	100063298	HOM	INV
chimpanzee	chr5	106565316	106574778	HOM	INV
chimpanzee	chr5	113837179	113857130	HET	invDup
chimpanzee	chr5	145152017	145166487	HOM	INV
chimpanzee	chr5	177944405	178008359	HET	invDup
chimpanzee	chr5	181098379	181101120	HOM	INV
chimpanzee	chr5	181246917	181272348	HET	invDup
chimpanzee	chr6	25731955	25757433	HET	invDup
chimpanzee	chr6	63490282	63519143	HET	invDup
chimpanzee	chr6	64508028	65697441	HET	invDup
chimpanzee	chr6	69140751	69142984	HOM	INV
chimpanzee	chr6	92738845	92750623	HOM	INV
chimpanzee	chr6	126410313	126413236	HOM	INV
chimpanzee	chr6	167239378	167263690	HOM	INV
chimpanzee	chr7	54064	139686	HET	invDup
chimpanzee	chr7	5933061	6819429	HOM	INV
chimpanzee	chr7	8851483	8855452	HOM	INV
chimpanzee	chr7	39379327	39389649	HET	invDup
chimpanzee	chr7	39542753	39554122	HET	invDup
chimpanzee	chr7	39542753	43963937	HOM	INV
chimpanzee	chr7	39580172	39633634	HET	invDup
chimpanzee	chr7	53189064	53862000	HOM	INV
chimpanzee	chr7	56390662	56801437	HET	invDup
chimpanzee	chr7	65216378	65579467	HOM	INV
chimpanzee	chr7	67338118	67377576	HET	invDup
chimpanzee	chr7	71693143	71716715	HET	invDup
chimpanzee	chr7	71716745	74860991	HOM	INV
chimpanzee	chr7	75529271	75633611	HET	invDup
chimpanzee	chr7	79418134	79546627	HET	invDup
chimpanzee	chr7	79863848	79865952	HOM	INV
chimpanzee	chr7	81279264	81313163	HOM	INV
chimpanzee	chr7	102249897	102289677	HET	invDup
chimpanzee	chr7	102299435	102326440	HET	invDup
chimpanzee	chr7	124524923	124528610	HOM	INV
chimpanzee	chr7	143728233	143792012	HOM	INV
chimpanzee	chr8	2233488	2484572	HET	INV
chimpanzee	chr8	11939620	12003862	HET	invDup
chimpanzee	chr8	16242734	16310934	HET	invDup
chimpanzee	chr8	16285739	16304345	HOM	INV
chimpanzee	chr8	16335869	16626259	HET	invDup
chimpanzee	chr8	46862057	46875634	HOM	INV
chimpanzee	chr8	49453602	49462282	HOM	INV
chimpanzee	chr8	85571747	85642708	HET	invDup
chimpanzee	chr8	143906646	143912303	HOM	INV
chimpanzee	chr9	662089	810896	HET	invDup
chimpanzee	chr9	17479362	17482695	HOM	INV
chimpanzee	chr9	68376913	86233320	HOM	INV
chimpanzee	chr9	87966196	88033710	HOM	INV
chimpanzee	chr9	92064422	92204696	HET	invDup
chimpanzee	chr9	94308147	97028185	HET	INV
chimpanzee	chr9	114452441	114459058	HOM	INV
chimpanzee	chr9	123979254	123990893	HOM	INV
chimpanzee	chr9	133218580	133242148	HOM	INV
chimpanzee	chrX	335880	483847	HET	invDup
chimpanzee	chrX	44619094	44624834	HOM	INV
chimpanzee	chrX	50492382	50506975	HET	invDup
chimpanzee	chrX	51694214	51700384	HET	INV
chimpanzee	chrX	52077917	52176906	HOM	INV
chimpanzee	chrX	52500478	52505663	HET	INV
chimpanzee	chrX	52787785	52837989	HET	invDup
chimpanzee	chrX	55037549	55047348	HOM	INV
chimpanzee	chrX	55480986	55492944	HET	INV
chimpanzee	chrX	63184912	63193728	HET	INV
chimpanzee	chrX	73005258	73077548	HOM	INV
chimpanzee	chrX	80132836	80134367	HOM	INV
chimpanzee	chrX	101602155	101611474	HOM	INV
chimpanzee	chrX	102304002	102382965	HET	INV
chimpanzee	chrX	103987667	104027918	HOM	INV
chimpanzee	chrX	106279325	106287405	HET	INV
chimpanzee	chrX	120086741	120158613	HOM	INV
chimpanzee	chrX	120198235	120211639	HET	invDup
chimpanzee	chrX	135733785	135749561	HET	INV
chimpanzee	chrX	135890357	135947266	HET	invDup
chimpanzee	chrX	137896925	137903752	HOM	INV
chimpanzee	chrX	141701035	141738404	HET	invDup
chimpanzee	chrX	146790286	146802789	HET	INV
chimpanzee	chrX	149600667	149653076	HOM	INV
chimpanzee	chrX	149672059	149729719	HET	INV
chimpanzee	chrX	149794726	149917280	HET	invDup
chimpanzee	chrX	153073478	153076120	HOM	INV
chimpanzee	chrX	154347425	154394283	HOM	INV
chimpanzee	chrX	154591641	154612919	HOM	INV
chimpanzee	chrX	155387907	155453048	HET	INV
bonobo	chr1	12799030	12810487	HET	invDup
bonobo	chr1	25301538	25369978	HOM	INV
bonobo	chr1	26641278	26647032	HOM	INV
bonobo	chr1	32416703	32447358	HOM	INV
bonobo	chr1	83071333	83137057	HET	invDup
bonobo	chr1	87430969	87724399	HET	invDup
bonobo	chr1	104820325	104836175	HOM	INV
bonobo	chr1	113089220	120178667	HOM	INV
bonobo	chr1	113137692	113276295	HET	INV
bonobo	chr1	113366564	113535214	HET	INV
bonobo	chr1	145403352	146135524	HOM	INV
bonobo	chr1	149842391	149851011	HET	INV
bonobo	chr1	197787703	197789053	HOM	INV
bonobo	chr1	210977355	210984634	HOM	INV
bonobo	chr10	13436100	13456765	HET	invDup
bonobo	chr10	14939190	14974253	HET	invDup
bonobo	chr10	19112617	19194191	HET	invDup
bonobo	chr10	19223622	19281855	HET	invDup
bonobo	chr10	35745001	35749716	HOM	INV
bonobo	chr10	38982495	39449720	HOM	INV
bonobo	chr10	45688478	45847312	HOM	INV
bonobo	chr10	46204408	46328761	HOM	INV
bonobo	chr10	46383262	47584917	HOM	INV
bonobo	chr10	67563785	67580598	HET	INV
bonobo	chr10	79543255	80225475	HOM	INV
bonobo	chr10	95159804	95161381	HOM	INV
bonobo	chr11	1661156	1688898	HOM	INV
bonobo	chr11	1894081	1914497	HOM	INV
bonobo	chr11	50157824	50346672	HOM	INV
bonobo	chr11	124387729	124392924	HOM	INV
bonobo	chr11	132616398	132638389	HOM	INV
bonobo	chr12	9317552	9407370	HOM	INV
bonobo	chr12	12391221	12393834	HOM	INV
bonobo	chr12	15439340	15446758	HOM	INV
bonobo	chr12	17772492	17863145	HOM	INV
bonobo	chr12	20814873	20896355	HET	invDup
bonobo	chr12	20896774	67988266	HOM	INV
bonobo	chr12	28657640	28675399	HOM	INV
bonobo	chr12	37713391	37736525	HOM	invDup
bonobo	chr12	42451106	42454170	HOM	INV
bonobo	chr12	47454087	47510906	HOM	INV
bonobo	chr12	58423002	58426136	HOM	INV
bonobo	chr12	67121065	67177602	HOM	INV
bonobo	chr12	67988339	68011622	HET	invDup
bonobo	chr12	86847401	86858902	HOM	INV
bonobo	chr13	37314965	37317602	HOM	INV
bonobo	chr13	45377740	46467058	HOM	INV
bonobo	chr13	52249893	52559589	HOM	INV
bonobo	chr14	22089100	22186244	HET	invDup
bonobo	chr14	23789124	23797841	HOM	INV
bonobo	chr14	34547526	34555529	HET	INV
bonobo	chr14	35912691	35922852	HOM	INV
bonobo	chr14	63865163	63870800	HOM	INV
bonobo	chr15	23097519	28320195	HOM	INV
bonobo	chr15	26305627	26307110	HOM	INV
bonobo	chr15	41809184	41875874	HET	invDup
bonobo	chr15	41910683	41924436	HET	invDup
bonobo	chr15	44933217	44951333	HOM	INV
bonobo	chr15	45026413	45041101	HET	INV
bonobo	chr15	82431701	84165647	HOM	INV
bonobo	chr15	84355083	85188393	HET	INV
bonobo	chr15	87843755	87847748	HOM	INV
bonobo	chr16	1810389	1841330	HET	invDup
bonobo	chr16	1844331	2097612	HOM	INV
bonobo	chr16	14954780	14965819	HET	invDup
bonobo	chr16	15010645	15098920	HOM	INV
bonobo	chr16	15791943	15946450	HET	invDup
bonobo	chr16	16169812	16203619	HET	invDup
bonobo	chr16	21421729	21827505	HET	INV
bonobo	chr16	22612144	22762291	HET	invDup
bonobo	chr16	25424344	25577459	HET	invDup
bonobo	chr16	28475303	28505468	HET	invDup
bonobo	chr16	28505894	28941967	HOM	INV
bonobo	chr16	29638605	30187613	HOM	INV
bonobo	chr16	35099136	36254199	HOM	INV
bonobo	chr16	66982280	67037783	HET	invDup
bonobo	chr16	70094846	74414107	HOM	INV
bonobo	chr16	75206972	75222627	HOM	INV
bonobo	chr16	90056014	90087085	HET	invDup
bonobo	chr17	8027882	49542138	HOM	INV
bonobo	chr17	13639123	13706286	HET	invDup
bonobo	chr17	15756621	15801423	HOM	INV
bonobo	chr17	16717000	20564685	HOM	INV
bonobo	chr17	18049490	18119199	HET	invDup
bonobo	chr17	18123280	18387486	HET	INV
bonobo	chr17	20608054	20630746	HET	INV
bonobo	chr17	27831452	27838434	HOM	INV
bonobo	chr17	45603582	46365548	HOM	INV
bonobo	chr18	1	14095909	HOM	INV
bonobo	chr18	40872093	40889822	HOM	INV
bonobo	chr19	38774048	38788917	HOM	INV
bonobo	chr19	39560900	39677442	HOM	INV
bonobo	chr19	54572976	54591326	HET	INV
bonobo	chr2	7956731	7960829	HOM	INV
bonobo	chr2	90062786	90083377	HOM	INV
bonobo	chr2	95508780	95590637	HET	INV
bonobo	chr2	102238077	102371557	HET	invDup
bonobo	chr2	106464199	109110711	HOM	INV
bonobo	chr2	108108716	108213153	HOM	INV
bonobo	chr2	109113187	109145601	HET	invDup
bonobo	chr2	110672985	110697685	HET	invDup
bonobo	chr2	119196102	119198348	HOM	INV
bonobo	chr2	121659101	151290491	HOM	INV
bonobo	chr2	130008433	130450659	HOM	INV
bonobo	chr2	130720633	131152252	HOM	INV
bonobo	chr2	131397401	131436895	HET	INV
bonobo	chr2	138246876	138251707	HOM	INV
bonobo	chr2	180767820	180786326	HOM	INV
bonobo	chr2	241786779	241906368	HET	invDup
bonobo	chr20	58427	100139	HET	invDup
bonobo	chr21	17048589	17050218	HOM	INV
bonobo	chr21	40025050	40036556	HOM	INV
bonobo	chr21	42139997	42141627	HOM	INV
bonobo	chr22	20742960	20753130	HET	invDup
bonobo	chr22	21431600	21469877	HOM	INV
bonobo	chr22	23596010	23621138	HET	invDup
bonobo	chr22	23669779	23711861	HET	invDup
bonobo	chr3	834005	839856	HOM	INV
bonobo	chr3	33761732	33768542	HOM	INV
bonobo	chr3	90509776	90709811	HET	invDup
bonobo	chr3	159398299	159401755	HOM	INV
bonobo	chr3	168888180	168903814	HOM	INV
bonobo	chr3	187418649	187423892	HOM	INV
bonobo	chr3	194335631	194340486	HOM	INV
bonobo	chr4	44810029	85035954	HOM	INV
bonobo	chr4	63240903	63250789	HOM	INV
bonobo	chr4	87923277	87936861	HOM	INV
bonobo	chr4	132124255	132148208	HOM	INV
bonobo	chr4	133002092	133007410	HOM	INV
bonobo	chr4	145964309	145982602	HOM	INV
bonobo	chr5	852493	919168	HET	invDup
bonobo	chr5	17401042	17499014	HET	invDup
bonobo	chr5	18553378	96585378	HOM	INV
bonobo	chr5	29095245	29110311	HOM	INV
bonobo	chr5	71008830	71015812	HOM	INV
bonobo	chr5	99429412	99474316	HET	invDup
bonobo	chr5	99544163	100073100	HOM	INV
bonobo	chr5	106562610	106574801	HOM	INV
bonobo	chr5	113839181	113863674	HET	invDup
bonobo	chr5	145152915	145166149	HOM	INV
bonobo	chr5	155198178	155209768	HOM	INV
bonobo	chr5	177944405	178008359	HET	invDup
bonobo	chr6	64309141	65994331	HET	invDup
bonobo	chr6	66081378	66122824	HET	invDup
bonobo	chr6	69140331	69142991	HOM	INV
bonobo	chr6	92738540	92751090	HOM	INV
bonobo	chr6	126410313	126413236	HOM	INV
bonobo	chr6	167239124	167268274	HOM	INV
bonobo	chr7	54064	141510	HET	invDup
bonobo	chr7	5883533	6821229	HOM	INV
bonobo	chr7	8851367	8855632	HOM	INV
bonobo	chr7	39378793	39392526	HET	invDup
bonobo	chr7	39542753	39554122	HET	invDup
bonobo	chr7	39580172	39633634	HET	invDup
bonobo	chr7	39633716	43961275	HOM	INV
bonobo	chr7	53189962	53862043	HOM	INV
bonobo	chr7	56352700	56701896	HET	invDup
bonobo	chr7	63353130	63397182	HET	INV
bonobo	chr7	65114040	65579467	HOM	INV
bonobo	chr7	67264518	77002296	HOM	INV
bonobo	chr7	67341522	67382904	HET	invDup
bonobo	chr7	74881868	75105973	HOM	INV
bonobo	chr7	75522286	75633681	HET	invDup
bonobo	chr7	79417469	79548390	HET	invDup
bonobo	chr7	79863848	79865952	HOM	INV
bonobo	chr7	81279737	81314345	HOM	INV
bonobo	chr7	102249897	102289677	HET	invDup
bonobo	chr7	102299435	102326440	HET	invDup
bonobo	chr7	124524924	124528610	HOM	INV
bonobo	chr7	143728460	143791691	HOM	INV
bonobo	chr8	2238069	2482961	HOM	INV
bonobo	chr8	11937879	12002350	HET	invDup
bonobo	chr8	16285739	16304345	HOM	INV
bonobo	chr8	16304422	16627752	HET	invDup
bonobo	chr8	49453602	49461929	HOM	INV
bonobo	chr8	54857129	54860779	HOM	INV
bonobo	chr8	85572899	85639573	HET	invDup
bonobo	chr8	143906835	143913440	HOM	INV
bonobo	chr9	664350	804067	HET	invDup
bonobo	chr9	17479844	17482269	HOM	INV
bonobo	chr9	68416973	86232907	HOM	INV
bonobo	chr9	86539756	86571322	HOM	INV
bonobo	chr9	87966718	88036668	HOM	INV
bonobo	chr9	92062579	92124980	HET	invDup
bonobo	chr9	94478760	94498005	HOM	INV
bonobo	chr9	114452221	114458968	HOM	INV
bonobo	chr9	123979208	123990933	HOM	INV
bonobo	chrX	339770	483778	HET	invDup
bonobo	chrX	28362223	28459626	HET	INV
bonobo	chrX	44618442	44624956	HOM	INV
bonobo	chrX	50489055	50510056	HET	invDup
bonobo	chrX	52077370	52176779	HET	INV
bonobo	chrX	52500478	52505663	HET	INV
bonobo	chrX	52791678	52836231	HET	invDup
bonobo	chrX	52914022	52938602	HOM	INV
bonobo	chrX	55039907	55046406	HOM	INV
bonobo	chrX	55479337	55494099	HET	INV
bonobo	chrX	63184912	63193728	HET	INV
bonobo	chrX	73005258	73077438	HET	INV
bonobo	chrX	80132836	80134367	HOM	INV
bonobo	chrX	103987667	104021119	HOM	INV
bonobo	chrX	120087116	120158613	HET	INV
bonobo	chrX	120194615	120212380	HET	invDup
bonobo	chrX	135734967	135750374	HOM	INV
bonobo	chrX	135894186	135946707	HET	invDup
bonobo	chrX	137896785	137906023	HOM	INV
bonobo	chrX	141705322	141739319	HET	invDup
bonobo	chrX	147088116	147101062	HET	invDup
bonobo	chrX	149600667	149654635	HET	INV
bonobo	chrX	149679519	149723975	HET	INV
bonobo	chrX	149747864	149769760	HET	INV
bonobo	chrX	149796957	149933501	HET	invDup
bonobo	chrX	153151568	153252304	HOM	INV
bonobo	chrX	154347467	154384632	HOM	INV
bonobo	chrX	154585064	154619566	HET	INV
bonobo	chrX	155385740	155452647	HET	INV
gorilla	chr1	5044187	5265449	HET	invDup
gorilla	chr1	12799030	12810487	HET	invDup
gorilla	chr1	25301538	25369978	HET	INV
gorilla	chr1	26641172	26647006	HOM	INV
gorilla	chr1	31143947	31149512	HOM	INV
gorilla	chr1	83071990	83134701	HET	invDup
gorilla	chr1	104319236	104440604	HET	invDup
gorilla	chr1	108221020	108366085	HOM	INV
gorilla	chr1	109343046	109419135	HET	invDup
gorilla	chr1	113098166	113120195	HET	invDup
gorilla	chr1	113136637	113244043	HET	invDup
gorilla	chr1	113136637	120904514	HOM	INV
gorilla	chr1	113366315	113554877	HET	invDup
gorilla	chr1	113602941	113651541	HET	invDup
gorilla	chr1	145403352	146135524	HOM	INV
gorilla	chr1	147036129	147354800	HOM	INV
gorilla	chr1	147324424	147354800	HET	invDup
gorilla	chr1	147463873	147488537	HET	invDup
gorilla	chr1	147510732	147571863	HET	invDup
gorilla	chr1	147571863	147949130	HET	INV
gorilla	chr1	187138302	187141928	HOM	INV
gorilla	chr1	197787703	197789053	HOM	INV
gorilla	chr1	215520656	215557960	HET	invDup
gorilla	chr1	215560348	239931367	HOM	INV
gorilla	chr1	227679723	227714357	HOM	INV
gorilla	chr1	227960458	228062396	HET	invDup
gorilla	chr1	242243425	242695925	HET	invDup
gorilla	chr1	242822852	242881563	HET	invDup
gorilla	chr1	248581695	248639201	HET	invDup
gorilla	chr10	13436501	13455432	HET	invDup
gorilla	chr10	16844546	16902941	HET	invDup
gorilla	chr10	19112776	19202826	HET	invDup
gorilla	chr10	19212051	19244887	HET	invDup
gorilla	chr10	27371942	79320356	HOM	INV
gorilla	chr10	46215637	46229601	HET	invDup
gorilla	chr10	46360323	47513229	HOM	INV
gorilla	chr10	55918007	55928816	HOM	INV
gorilla	chr10	79320477	79364928	HET	invDup
gorilla	chr10	95159535	95161353	HOM	INV
gorilla	chr10	130341962	130623506	HOM	INV
gorilla	chr10	132973859	133035814	HET	invDup
gorilla	chr10	133585447	133612884	HET	INV
gorilla	chr11	311023	319467	HET	INV
gorilla	chr11	1661303	1683559	HOM	INV
gorilla	chr11	1894351	1914055	HOM	INV
gorilla	chr11	50152036	50368303	HOM	INV
gorilla	chr11	68339254	68350335	HET	invDup
gorilla	chr11	89420822	89554133	HET	invDup
gorilla	chr11	121488997	121703995	HET	invDup
gorilla	chr11	132616394	132638121	HOM	INV
gorilla	chr11	135047061	135060907	HET	invDup
gorilla	chr12	4876590	4888543	HOM	INV
gorilla	chr12	9381558	9412683	HOM	INV
gorilla	chr12	12391221	12393834	HOM	INV
gorilla	chr12	17768547	17860318	HOM	INV
gorilla	chr12	21109920	64902036	HOM	INV
gorilla	chr12	28657485	28672946	HOM	INV
gorilla	chr12	37703046	37738078	HOM	INV
gorilla	chr12	40993557	40995596	HOM	INV
gorilla	chr12	42451106	42454170	HOM	INV
gorilla	chr12	47454356	47510858	HOM	INV
gorilla	chr12	58423002	58426136	HOM	INV
gorilla	chr12	62435465	62441639	HOM	INV
gorilla	chr12	71188467	71207475	HET	invDup
gorilla	chr12	86846834	86858475	HOM	INV
gorilla	chr13	37314858	37318051	HOM	INV
gorilla	chr13	40515578	40611867	HET	invDup
gorilla	chr13	45376633	46351589	HOM	INV
gorilla	chr13	46351591	46411868	HET	invDup
gorilla	chr13	52249893	52559589	HOM	INV
gorilla	chr13	62974335	63030503	HET	invDup
gorilla	chr13	63727439	63737123	HOM	INV
gorilla	chr13	64041432	64895407	HET	invDup
gorilla	chr13	69830486	69849209	HET	invDup
gorilla	chr13	88032721	88085970	HET	invDup
gorilla	chr13	111063330	111185474	HET	invDup
gorilla	chr14	19209558	45301542	HOM	INV
gorilla	chr14	34547526	34555529	HET	INV
gorilla	chr14	35912730	35923699	HOM	INV
gorilla	chr14	40429682	40920082	HOM	INV
gorilla	chr14	63865537	63870620	HOM	INV
gorilla	chr14	66149934	66548871	HET	invDup
gorilla	chr14	66188543	66201018	HOM	INV
gorilla	chr14	105692810	105698254	HOM	INV
gorilla	chr15	22988897	23069864	HET	invDup
gorilla	chr15	23908641	23932876	HET	invDup
gorilla	chr15	23945665	24089934	HET	invDup
gorilla	chr15	26305627	26307110	HOM	INV
gorilla	chr15	28053675	28112335	HET	invDup
gorilla	chr15	28459148	30065654	HET	INV
gorilla	chr15	30485487	32329721	HOM	INV
gorilla	chr15	40129612	40148636	HOM	INV
gorilla	chr15	41798359	41880994	HET	invDup
gorilla	chr15	87843553	87847820	HOM	INV
gorilla	chr16	31467	68909	HET	invDup
gorilla	chr16	2728930	2740055	HOM	INV
gorilla	chr16	11677530	11778832	HET	invDup
gorilla	chr16	11909478	11957495	HET	invDup
gorilla	chr16	11960030	14953955	HOM	INV
gorilla	chr16	12526776	12533356	HOM	INV
gorilla	chr16	15924632	16101165	HET	invDup
gorilla	chr16	16191565	18559615	HOM	INV
gorilla	chr16	17671320	17914287	HET	invDup
gorilla	chr16	18005102	18074409	HET	invDup
gorilla	chr16	21421729	21827505	HOM	INV
gorilla	chr16	21845917	22538010	HET	INV
gorilla	chr16	28143770	28200960	HET	invDup
gorilla	chr16	28452341	28663741	HOM	INV
gorilla	chr16	28784944	29036937	HOM	INV
gorilla	chr16	35099136	36254199	HOM	INV
gorilla	chr16	66960471	67037232	HET	invDup
gorilla	chr16	74425836	74446381	HET	invDup
gorilla	chr16	75206154	75222807	HOM	INV
gorilla	chr16	87935516	87951595	HET	invDup
gorilla	chr17	140194	180753	HET	invDup
gorilla	chr17	6666274	6707332	HET	invDup
gorilla	chr17	13638533	13706217	HET	invDup
gorilla	chr17	16788450	18619323	HOM	INV
gorilla	chr17	18765313	18782366	HET	INV
gorilla	chr17	31094501	31213427	HET	invDup
gorilla	chr17	45624858	46333057	HOM	INV
gorilla	chr17	58591027	58636402	HET	invDup
gorilla	chr17	59550610	59577326	HET	INV
gorilla	chr17	60227614	60379957	HET	invDup
gorilla	chr17	76020855	76044984	HET	invDup
gorilla	chr18	1	14729925	HOM	INV
gorilla	chr18	49549550	49569468	HET	invDup
gorilla	chr18	70835315	70839924	HOM	INV
gorilla	chr19	5537613	5604528	HET	invDup
gorilla	chr19	37224432	37331788	HET	invDup
gorilla	chr19	38773879	38789001	HOM	INV
gorilla	chr19	39560277	39686626	HOM	INV
gorilla	chr19	54575001	54590171	HET	INV
gorilla	chr2	90063559	90082563	HOM	INV
gorilla	chr2	90189585	90210714	HOM	INV
gorilla	chr2	94925069	94962136	HET	INV
gorilla	chr2	95572508	113676421	HOM	INV
gorilla	chr2	97347278	97355713	HET	INV
gorilla	chr2	104130237	104148602	HET	invDup
gorilla	chr2	110676546	110697615	HET	invDup
gorilla	chr2	119196102	119198348	HOM	INV
gorilla	chr2	126458472	126478368	HET	INV
gorilla	chr2	130138873	130450659	HOM	INV
gorilla	chr2	131397401	131436895	HOM	INV
gorilla	chr2	134800532	134834326	HOM	INV
gorilla	chr2	138246876	138251707	HOM	INV
gorilla	chr2	149111221	149115045	HOM	INV
gorilla	chr2	180769366	180784614	HOM	INV
gorilla	chr2	241942557	242017540	HET	invDup
gorilla	chr2	242034491	242065644	HET	invDup
gorilla	chr20	58130	100177	HET	invDup
gorilla	chr20	47843392	47895628	HOM	INV
gorilla	chr21	40026348	40036602	HOM	INV
gorilla	chr22	17999897	18013142	HET	invDup
gorilla	chr22	20370238	20404142	HET	invDup
gorilla	chr22	21062113	21075194	HET	invDup
gorilla	chr22	21431601	21469877	HOM	INV
gorilla	chr22	23596282	23616508	HET	invDup
gorilla	chr22	31017824	31065245	HET	invDup
gorilla	chr22	49055897	49286390	HET	invDup
gorilla	chr3	61281205	61297234	HET	invDup
gorilla	chr3	90101557	90195503	HET	invDup
gorilla	chr3	106591357	106592916	HOM	INV
gorilla	chr3	109702533	109714089	HOM	INV
gorilla	chr3	163552483	163564922	HOM	INV
gorilla	chr3	187418649	187423892	HOM	INV
gorilla	chr3	194335889	194340374	HOM	INV
gorilla	chr3	197644150	198112292	HOM	INV
gorilla	chr4	1774451	1856166	HET	invDup
gorilla	chr4	3428224	3632613	HET	invDup
gorilla	chr4	4175383	8966740	HOM	INV
gorilla	chr4	51662785	69383078	HOM	INV
gorilla	chr4	63878491	63883188	HOM	INV
gorilla	chr4	66610271	66663401	HET	invDup
gorilla	chr4	87921996	87937069	HOM	INV
gorilla	chr4	101750766	101795438	HET	invDup
gorilla	chr4	118577150	118593224	HET	invDup
gorilla	chr4	124120654	124122810	HOM	INV
gorilla	chr4	131978267	132123438	HOM	INV
gorilla	chr4	132149578	132221735	HOM	INV
gorilla	chr4	133002733	133008084	HOM	INV
gorilla	chr4	157726789	157728712	HOM	INV
gorilla	chr5	871130	916797	HET	invDup
gorilla	chr5	8085439	8159011	HOM	INV
gorilla	chr5	28906899	37442265	HOM	INV
gorilla	chr5	29076138	29226611	HET	invDup
gorilla	chr5	29347548	29387842	HET	invDup
gorilla	chr5	29541958	29552260	HOM	INV
gorilla	chr5	33995125	34049304	HET	invDup
gorilla	chr5	37172476	37233221	HET	invDup
gorilla	chr5	37391688	37442265	HET	invDup
gorilla	chr5	71008352	71016343	HOM	INV
gorilla	chr5	78087120	78189448	HET	invDup
gorilla	chr5	99513122	100399625	HOM	INV
gorilla	chr5	99562224	99572356	HOM	INV
gorilla	chr5	106565460	106574457	HOM	INV
gorilla	chr5	145153755	145166584	HOM	INV
gorilla	chr5	176129691	176195971	HET	invDup
gorilla	chr5	181125405	181153437	HOM	INV
gorilla	chr6	1992296	2135001	HET	invDup
gorilla	chr6	4350762	4356784	HOM	INV
gorilla	chr6	24382195	24387364	HOM	INV
gorilla	chr6	27109152	27121164	HET	invDup
gorilla	chr6	50306741	50320835	HET	invDup
gorilla	chr6	58231915	58394557	HOM	INV
gorilla	chr6	64308701	66017043	HET	invDup
gorilla	chr6	66099395	66122954	HET	invDup
gorilla	chr6	69140638	69142768	HOM	INV
gorilla	chr6	103899224	103934787	HOM	INV
gorilla	chr6	113895791	113897532	HOM	INV
gorilla	chr6	126410313	126413236	HOM	INV
gorilla	chr6	167241000	167247447	HOM	INV
gorilla	chr7	40707	69243	HET	invDup
gorilla	chr7	5899352	6736163	HOM	INV
gorilla	chr7	26932954	27006157	HOM	INV
gorilla	chr7	39379762	39633623	HET	invDup
gorilla	chr7	39633625	44020716	HOM	INV
gorilla	chr7	53046166	53058756	HET	invDup
gorilla	chr7	53188989	53864928	HOM	INV
gorilla	chr7	63356893	63388787	HET	INV
gorilla	chr7	67334707	67357308	HET	invDup
gorilla	chr7	74925334	75182426	HOM	INV
gorilla	chr7	75519711	76407364	HOM	INV
gorilla	chr7	77057294	102360314	HOM	INV
gorilla	chr7	78104438	78108443	HOM	INV
gorilla	chr7	79863848	79865952	HOM	INV
gorilla	chr7	102249897	102289677	HET	invDup
gorilla	chr7	102299435	102326440	HET	invDup
gorilla	chr7	107418074	107422923	HOM	INV
gorilla	chr7	143728460	143790095	HOM	INV
gorilla	chr7	152386100	152743375	HET	invDup
gorilla	chr7	156717605	156807162	HET	invDup
gorilla	chr7	156884333	156973890	HET	invDup
gorilla	chr7	159308341	159330253	HET	invDup
gorilla	chr8	251979	290983	HET	invDup
gorilla	chr8	2236543	2482961	HOM	INV
gorilla	chr8	4040083	4110190	HET	invDup
gorilla	chr8	8231677	12003302	HOM	INV
gorilla	chr8	16242178	16264404	HET	invDup
gorilla	chr8	16286246	16303065	HOM	INV
gorilla	chr8	16504025	16628585	HET	invDup
gorilla	chr8	31185730	84953559	HOM	INV
gorilla	chr8	46913453	46930107	HET	invDup
gorilla	chr8	49453992	49462202	HOM	INV
gorilla	chr8	77783634	77785235	HOM	INV
gorilla	chr8	111942107	111962191	HOM	INV
gorilla	chr9	1	38272912	HOM	INV
gorilla	chr9	662431	681687	HET	invDup
gorilla	chr9	32377892	33607170	HOM	INV
gorilla	chr9	68673341	68695791	HET	invDup
gorilla	chr9	87627738	87815626	HET	invDup
gorilla	chr9	87816306	87887759	HOM	INV
gorilla	chr9	87939257	88072382	HET	invDup
gorilla	chr9	88072496	88133835	HOM	INV
gorilla	chr9	114452621	114459129	HOM	INV
gorilla	chr9	122029848	122179502	HET	invDup
gorilla	chr9	123979078	123990894	HOM	INV
gorilla	chrX	3027586	3060710	HET	invDup
gorilla	chrX	3712054	3952770	HET	invDup
gorilla	chrX	19506758	19565995	HET	invDup
gorilla	chrX	28943098	28961256	HOM	INV
gorilla	chrX	50490429	50509104	HET	invDup
gorilla	chrX	51693348	51700311	HOM	INV
gorilla	chrX	52077160	52173827	HOM	INV
gorilla	chrX	52499737	52513176	HOM	INV
gorilla	chrX	54102535	54108305	HOM	INV
gorilla	chrX	55038116	55046861	HOM	INV
gorilla	chrX	67825618	67853740	HOM	INV
gorilla	chrX	73038187	73063192	HOM	INV
gorilla	chrX	80132836	80134367	HOM	INV
gorilla	chrX	104031885	104050713	HOM	INV
gorilla	chrX	106278327	106287521	HOM	INV
gorilla	chrX	120081561	120159396	HOM	INV
gorilla	chrX	135614180	135673544	HOM	INV
gorilla	chrX	137113379	137172015	HET	invDup
gorilla	chrX	139461830	139526223	HET	invDup
gorilla	chrX	141698385	141739166	HET	invDup
gorilla	chrX	146787270	146802789	HOM	INV
gorilla	chrX	149678695	149695233	HET	invDup
gorilla	chrX	149681208	149722071	HOM	INV
gorilla	chrX	149797470	149849840	HET	invDup
gorilla	chrX	154347460	154395354	HOM	INV
orangutan	chr1	12799030	12810487	HET	invDup
orangutan	chr1	16414299	16431933	HET	invDup
orangutan	chr1	16956273	16971593	HET	invDup
orangutan	chr1	23138308	23178280	HET	invDup
orangutan	chr1	65744663	65758449	HOM	INV
orangutan	chr1	108223377	108358064	HOM	INV
orangutan	chr1	149842391	149851011	HET	INV
orangutan	chr1	158887400	158912054	HOM	INV
orangutan	chr1	158913192	158959281	HET	invDup
orangutan	chr1	194225318	194397488	HOM	INV
orangutan	chr1	197787703	197789053	HOM	INV
orangutan	chr1	199115407	199124076	HOM	INV
orangutan	chr1	241132932	241243388	HET	invDup
orangutan	chr1	248518589	248529695	HET	INV
orangutan	chr10	13436501	13455463	HET	invDup
orangutan	chr10	26661283	26671526	HOM	invDup
orangutan	chr10	29518676	29562542	HET	invDup
orangutan	chr10	32864769	32868358	HOM	INV
orangutan	chr10	34582406	34602759	HET	invDup
orangutan	chr10	34709949	34743870	HET	invDup
orangutan	chr10	34800857	34931114	HET	invDup
orangutan	chr10	42450139	42601235	HET	invDup
orangutan	chr10	42611703	42690521	HOM	INV
orangutan	chr10	42785682	42992991	HET	invDup
orangutan	chr10	45347901	45806749	HOM	INV
orangutan	chr10	46213948	46326728	HOM	INV
orangutan	chr10	46215637	46229601	HET	invDup
orangutan	chr10	46342530	47561495	HOM	INV
orangutan	chr10	50761797	86984010	HOM	INV
orangutan	chr10	54794962	54807592	HET	invDup
orangutan	chr10	56087784	56092943	HOM	INV
orangutan	chr10	67563859	67581005	HOM	INV
orangutan	chr10	70953807	71037348	HET	invDup
orangutan	chr10	91443409	91446445	HOM	INV
orangutan	chr10	94616735	94619722	HOM	INV
orangutan	chr10	104552548	104735695	HET	invDup
orangutan	chr10	108880213	108881952	HOM	INV
orangutan	chr10	131005778	131057564	HET	invDup
orangutan	chr11	311097	318787	HET	INV
orangutan	chr11	1894007	1915295	HOM	INV
orangutan	chr11	3596052	71910199	HOM	INV
orangutan	chr11	48222164	48234251	HOM	INV
orangutan	chr11	98996856	99103450	HET	invDup
orangutan	chr11	129669468	129754370	HET	invDup
orangutan	chr11	132616434	132637999	HOM	INV
orangutan	chr11	134682102	134684566	HOM	INV
orangutan	chr12	3374703	3377584	HOM	INV
orangutan	chr12	9476804	9518903	HOM	INV
orangutan	chr12	12391221	12393834	HOM	INV
orangutan	chr12	17768679	17857127	HOM	INV
orangutan	chr12	27257519	27284448	HET	invDup
orangutan	chr12	28656547	28676296	HOM	INV
orangutan	chr12	40993557	40995596	HOM	INV
orangutan	chr12	42451106	42454170	HOM	INV
orangutan	chr12	47456299	47512778	HOM	INV
orangutan	chr12	53855677	53903411	HET	invDup
orangutan	chr12	58423002	58426136	HOM	INV
orangutan	chr12	68672861	68676045	HOM	INV
orangutan	chr12	71825073	71828085	HOM	INV
orangutan	chr12	82762816	82766118	HOM	INV
orangutan	chr12	86846834	86858475	HOM	INV
orangutan	chr12	131232896	131428189	HET	INV
orangutan	chr13	23804089	23922906	HET	invDup
orangutan	chr13	24347443	24974581	HET	INV
orangutan	chr13	25362568	25554520	HET	invDup
orangutan	chr13	37314565	37318283	HOM	INV
orangutan	chr13	45384210	45456166	HOM	INV
orangutan	chr13	47844161	47848034	HOM	INV
orangutan	chr13	52249893	52559589	HET	INV
orangutan	chr13	55408972	55424547	HOM	INV
orangutan	chr13	62969855	63026820	HET	invDup
orangutan	chr13	63063788	63094581	HET	invDup
orangutan	chr13	63727419	63737123	HOM	INV
orangutan	chr13	74192484	74209035	HOM	INV
orangutan	chr13	81478673	81484328	HOM	INV
orangutan	chr13	88032725	88085976	HET	invDup
orangutan	chr13	91841744	91860902	HET	invDup
orangutan	chr13	92530701	92554275	HET	invDup
orangutan	chr13	114014329	114149082	HET	invDup
orangutan	chr14	35912691	35922437	HOM	INV
orangutan	chr14	42038350	42051542	HOM	INV
orangutan	chr14	51477348	51480406	HOM	INV
orangutan	chr14	53109066	53111439	HOM	INV
orangutan	chr14	57523982	57530674	HOM	INV
orangutan	chr14	65972239	65997709	HOM	INV
orangutan	chr14	66188543	66201018	HOM	INV
orangutan	chr14	70462154	70507210	HET	invDup
orangutan	chr14	106154223	106384435	HET	invDup
orangutan	chr14	106822851	106888255	HET	invDup
orangutan	chr15	16985671	30035654	HOM	INV
orangutan	chr15	22831608	22846543	HET	invDup
orangutan	chr15	25256605	25304590	HET	invDup
orangutan	chr15	26305627	26307110	HOM	INV
orangutan	chr15	30038256	30077747	HET	invDup
orangutan	chr15	59375717	59431522	HET	invDup
orangutan	chr15	59716129	59767748	HET	invDup
orangutan	chr15	82431701	84165647	HOM	INV
orangutan	chr15	83771359	83903024	HET	invDup
orangutan	chr15	84355083	85188393	HOM	INV
orangutan	chr15	87843410	87848008	HOM	INV
orangutan	chr15	94327505	94368124	HET	invDup
orangutan	chr16	1244073	1248830	HOM	INV
orangutan	chr16	2730446	2872554	HOM	INV
orangutan	chr16	11340813	11565291	HET	invDup
orangutan	chr16	11565304	18050421	HOM	INV
orangutan	chr16	13878702	13881606	HOM	INV
orangutan	chr16	14949321	14973519	HOM	INV
orangutan	chr16	15024762	15073158	HET	invDup
orangutan	chr16	15403389	15478247	HET	invDup
orangutan	chr16	15730004	16047227	HET	invDup
orangutan	chr16	18050491	18072282	HET	INV
orangutan	chr16	20506245	20525442	HOM	INV
orangutan	chr16	20607576	20708204	HET	invDup
orangutan	chr16	21559055	23457758	HOM	INV
orangutan	chr16	21582400	21592858	HOM	INV
orangutan	chr16	21930858	21979278	HET	invDup
orangutan	chr16	23090291	23174917	HET	invDup
orangutan	chr16	23375690	23457758	HET	invDup
orangutan	chr16	28784944	29036937	HOM	INV
orangutan	chr16	29639607	30188587	HOM	INV
orangutan	chr16	46457627	46680216	HET	invDup
orangutan	chr16	53371314	53414996	HET	invDup
orangutan	chr16	53857181	53859648	HOM	INV
orangutan	chr16	69976853	74328047	HOM	INV
orangutan	chr16	75206342	75222749	HOM	INV
orangutan	chr17	4870337	4893659	HET	invDup
orangutan	chr17	6168238	6170972	HOM	INV
orangutan	chr17	14215139	14254331	HOM	INV
orangutan	chr17	15764908	15785466	HET	invDup
orangutan	chr17	15839659	16871246	HET	INV
orangutan	chr17	16886708	18619323	HOM	INV
orangutan	chr17	18765313	18782366	HOM	INV
orangutan	chr17	20406681	20890414	HOM	INV
orangutan	chr17	30558813	32079040	HOM	INV
orangutan	chr17	31833869	31847523	HET	invDup
orangutan	chr17	31874058	31901818	HET	invDup
orangutan	chr17	34691241	34729427	HET	invDup
orangutan	chr17	34923775	34947798	HET	invDup
orangutan	chr17	36116533	36164022	HET	INV
orangutan	chr17	36459531	36579456	HET	invDup
orangutan	chr17	36579473	37851466	HOM	INV
orangutan	chr17	41533046	41605099	HET	invDup
orangutan	chr17	45627873	46284149	HOM	INV
orangutan	chr17	47584528	59974830	HOM	INV
orangutan	chr17	60042204	60093596	HET	invDup
orangutan	chr17	60132141	60171971	HET	invDup
orangutan	chr17	62176379	62203019	HET	invDup
orangutan	chr17	76016712	76044630	HET	invDup
orangutan	chr18	1	14223815	HOM	INV
orangutan	chr18	797783	802637	HOM	INV
orangutan	chr18	10654298	12234555	HOM	INV
orangutan	chr18	12085445	12175511	HET	invDup
orangutan	chr19	1951245	1963074	HET	invDup
orangutan	chr19	7146905	7376710	HET	invDup
orangutan	chr19	14881223	14893642	HET	invDup
orangutan	chr19	15907524	15955171	HET	invDup
orangutan	chr19	22523684	22600058	HOM	INV
orangutan	chr19	38773770	38789028	HOM	INV
orangutan	chr19	39558367	39686328	HOM	INV
orangutan	chr19	49724256	49734602	HOM	INV
orangutan	chr19	54481069	54493141	HOM	INV
orangutan	chr19	54574050	54588075	HET	INV
orangutan	chr2	90062786	90083377	HOM	INV
orangutan	chr2	94824831	132363720	HOM	INV
orangutan	chr2	97346676	97361931	HOM	INV
orangutan	chr2	99165374	99271440	HET	invDup
orangutan	chr2	99303032	99330814	HET	invDup
orangutan	chr2	101383470	101827740	HET	invDup
orangutan	chr2	108476944	108492023	HET	invDup
orangutan	chr2	108539856	108551553	HET	invDup
orangutan	chr2	108584883	108651589	HET	invDup
orangutan	chr2	108692289	108717000	HET	invDup
orangutan	chr2	110678302	110701135	HET	invDup
orangutan	chr2	118979456	119003128	HET	invDup
orangutan	chr2	119196102	119198348	HOM	INV
orangutan	chr2	134020280	134067610	HOM	INV
orangutan	chr2	137468315	137505418	HET	invDup
orangutan	chr2	137681613	137708237	HET	invDup
orangutan	chr2	137843987	137882329	HET	invDup
orangutan	chr2	138247009	138251434	HOM	INV
orangutan	chr2	158724566	158739787	HOM	INV
orangutan	chr2	180769144	180785685	HOM	INV
orangutan	chr2	188341647	188357846	HOM	INV
orangutan	chr20	67394	5540426	HOM	INV
orangutan	chr20	46412883	46479800	HET	invDup
orangutan	chr20	46523713	46565536	HET	invDup
orangutan	chr20	47792901	47823146	HET	invDup
orangutan	chr20	47845103	47861832	HET	invDup
orangutan	chr20	47861832	47896051	HOM	INV
orangutan	chr20	51640097	51733153	HET	invDup
orangutan	chr20	53777030	53808397	HET	invDup
orangutan	chr20	60628914	60631679	HOM	INV
orangutan	chr21	40026348	40036654	HOM	INV
orangutan	chr22	17989273	18015998	HET	invDup
orangutan	chr22	18159705	20696276	HOM	INV
orangutan	chr22	21521404	24708585	HOM	INV
orangutan	chr22	24727291	24817577	HET	invDup
orangutan	chr22	29426901	29441473	HET	invDup
orangutan	chr22	36208970	36219739	HOM	INV
orangutan	chr3	1	12552780	HOM	INV
orangutan	chr3	15125392	75270136	HOM	INV
orangutan	chr3	25791478	26038208	HET	invDup
orangutan	chr3	33820909	33837259	HET	invDup
orangutan	chr3	52352170	52383411	HET	invDup
orangutan	chr3	75959457	76157138	HET	invDup
orangutan	chr3	76636011	76660004	HET	invDup
orangutan	chr3	79725563	79730917	HOM	INV
orangutan	chr3	81318605	81324410	HOM	INV
orangutan	chr3	93765361	129998811	HOM	INV
orangutan	chr3	106591357	106592916	HOM	INV
orangutan	chr3	109702563	109714110	HOM	INV
orangutan	chr3	187417493	187425646	HOM	INV
orangutan	chr3	194335631	194340486	HOM	INV
orangutan	chr3	195711749	198295559	HOM	INV
orangutan	chr3	197616195	198148006	HET	INV
orangutan	chr4	4180995	8942726	HOM	INV
orangutan	chr4	44076693	44079052	HOM	INV
orangutan	chr4	45782662	45787327	HOM	INV
orangutan	chr4	49633913	68310988	HOM	INV
orangutan	chr4	54130765	54143894	HOM	INV
orangutan	chr4	56990363	57002956	HET	invDup
orangutan	chr4	63878491	63883188	HOM	INV
orangutan	chr4	68767992	68854232	HOM	INV
orangutan	chr4	69460371	69595171	HET	invDup
orangutan	chr4	71642059	71655278	HOM	INV
orangutan	chr4	87924851	87936991	HOM	INV
orangutan	chr4	118577150	118593224	HET	INV
orangutan	chr4	131566067	131577890	HOM	INV
orangutan	chr4	132131938	132146578	HOM	INV
orangutan	chr4	133002979	133008063	HOM	INV
orangutan	chr4	138467818	138513154	HOM	INV
orangutan	chr4	139605150	139616166	HOM	INV
orangutan	chr4	178896840	179183956	HET	invDup
orangutan	chr4	179303296	179718350	HET	invDup
orangutan	chr4	179842882	180198606	HET	invDup
orangutan	chr5	8090331	8163946	HOM	INV
orangutan	chr5	13619586	13621601	HOM	INV
orangutan	chr5	19391335	19400599	HOM	INV
orangutan	chr5	21912697	21917630	HOM	INV
orangutan	chr5	42900739	43041112	HET	invDup
orangutan	chr5	45953840	46101742	HET	invDup
orangutan	chr5	64469083	64476818	HOM	INV
orangutan	chr5	71006499	71017527	HOM	INV
orangutan	chr5	85509618	85522959	HOM	INV
orangutan	chr5	96130069	96136032	HOM	INV
orangutan	chr5	99585673	100384557	HOM	INV
orangutan	chr5	106565342	106574688	HOM	INV
orangutan	chr5	145151676	145166389	HOM	INV
orangutan	chr5	176129691	176195971	HET	invDup
orangutan	chr5	176285922	177952821	HOM	INV
orangutan	chr5	177230305	177255899	HET	invDup
orangutan	chr5	179599007	179617084	HET	invDup
orangutan	chr5	181098379	181101120	HOM	INV
orangutan	chr5	181105726	181130062	HOM	INV
orangutan	chr6	5759366	5774881	HET	invDup
orangutan	chr6	35169725	35176055	HOM	INV
orangutan	chr6	49074332	49099001	HOM	INV
orangutan	chr6	50297571	50338264	HET	invDup
orangutan	chr6	60712250	60719107	HOM	INV
orangutan	chr6	69140331	69142991	HOM	INV
orangutan	chr6	107518795	107521411	HOM	INV
orangutan	chr6	113895791	113897532	HOM	INV
orangutan	chr7	2538369	2671889	HOM	INV
orangutan	chr7	5844776	6999077	HET	INV
orangutan	chr7	7000626	97950561	HOM	INV
orangutan	chr7	26936175	27001026	HOM	INV
orangutan	chr7	39760565	39882986	HOM	INV
orangutan	chr7	47378511	47552361	HET	invDup
orangutan	chr7	51383013	51449993	HOM	INV
orangutan	chr7	53189047	53860546	HOM	INV
orangutan	chr7	67285668	72858469	HOM	INV
orangutan	chr7	74908710	75132201	HOM	INV
orangutan	chr7	78104438	78108443	HOM	INV
orangutan	chr7	79863848	79865952	HOM	INV
orangutan	chr7	85964545	86005017	HET	invDup
orangutan	chr7	107418074	107422923	HOM	INV
orangutan	chr7	143728460	143788185	HOM	INV
orangutan	chr7	146075689	146246052	HET	invDup
orangutan	chr7	149768314	149814097	HET	invDup
orangutan	chr7	152119205	152239095	HET	invDup
orangutan	chr8	2238069	2478191	HOM	INV
orangutan	chr8	7548466	12718323	HOM	INV
orangutan	chr8	16286726	16302798	HOM	INV
orangutan	chr8	47140004	47249013	HET	invDup
orangutan	chr8	49453602	49461903	HOM	INV
orangutan	chr8	77783634	77785235	HOM	INV
orangutan	chr8	84974653	85014108	HOM	INV
orangutan	chr8	85187842	85422482	HET	invDup
orangutan	chr8	110389186	110396350	HOM	INV
orangutan	chr8	111942204	111961986	HOM	INV
orangutan	chr8	137093778	137134947	HOM	INV
orangutan	chr8	138968468	138990833	HOM	INV
orangutan	chr9	1	38272912	HOM	INV
orangutan	chr9	10893147	10897539	HOM	INV
orangutan	chr9	36820320	36834016	HET	invDup
orangutan	chr9	87923644	92891639	HOM	INV
orangutan	chr9	92037746	92100439	HET	invDup
orangutan	chr9	92239457	92287228	HET	invDup
orangutan	chr9	95339993	95378627	HET	invDup
orangutan	chr9	114452456	114458988	HOM	INV
orangutan	chr9	115976729	116037777	HOM	INV
orangutan	chr9	123979126	123990987	HOM	INV
orangutan	chrX	989251	1064914	HET	invDup
orangutan	chrX	9328446	9568866	HET	invDup
orangutan	chrX	9664361	9708052	HET	invDup
orangutan	chrX	10106351	10123822	HET	invDup
orangutan	chrX	34022056	34227578	HET	invDup
orangutan	chrX	37494532	37705145	HET	invDup
orangutan	chrX	45688790	45691895	HOM	INV
orangutan	chrX	51692926	51700577	HOM	INV
orangutan	chrX	52461432	52474235	HET	invDup
orangutan	chrX	52567143	52578995	HET	invDup
orangutan	chrX	52914022	52938602	HOM	INV
orangutan	chrX	55036187	55047348	HOM	INV
orangutan	chrX	55480302	55492954	HOM	INV
orangutan	chrX	58385611	58403533	HOM	INV
orangutan	chrX	64492131	64506247	HOM	INV
orangutan	chrX	74378360	74406620	HOM	INV
orangutan	chrX	75971114	75992597	HOM	INV
orangutan	chrX	80132836	80134367	HOM	INV
orangutan	chrX	83765178	83801153	HOM	INV
orangutan	chrX	101602216	101611500	HOM	INV
orangutan	chrX	102304002	102382965	HOM	INV
orangutan	chrX	102807721	102848223	HET	invDup
orangutan	chrX	103988403	104050468	HOM	INV
orangutan	chrX	104005185	104039355	HET	invDup
orangutan	chrX	106278100	106288343	HOM	INV
orangutan	chrX	110551877	110639837	HOM	INV
orangutan	chrX	114521346	114552874	HOM	INV
orangutan	chrX	132795581	132846584	HET	invDup
orangutan	chrX	135620997	135665767	HOM	INV
orangutan	chrX	135733786	135749561	HOM	INV
orangutan	chrX	141621430	141637741	HET	invDup
orangutan	chrX	142161989	142189759	HOM	INV
orangutan	chrX	149602230	149654518	HOM	INV
orangutan	chrX	149746385	149771365	HET	invDup
orangutan	chrX	149792401	149821763	HET	invDup
orangutan	chrX	149823584	149848985	HOM	INV
orangutan	chrX	153239819	153250514	HOM	INV
orangutan	chrX	154591573	154615168	HOM	INV
orangutan	chrX	155385740	155454779	HOM	INV
